accelX, accelY, accelZ, gyroX, gyroY, gyroZ, magX, magY, magZ, timestamp
0.07, -0.61, 0.71, 103.29, -12.93, 25.43, 0.30, 0.26, 0.36, 35913
-0.14, -0.59, 0.46, 98.66, 4.02, 34.82, 0.31, 0.24, 0.36, 35923
-0.26, -0.51, 0.19, 107.01, 10.37, 32.62, 0.31, 0.24, 0.36, 35933
-0.37, -0.41, -0.00, 127.32, 8.29, 26.34, 0.31, 0.23, 0.37, 35943
-0.36, -0.39, 0.01, 165.55, -5.06, 14.39, 0.31, 0.22, 0.37, 35953
-0.15, -0.44, 0.57, 208.96, -20.43, 5.91, 0.30, 0.21, 0.38, 35963
0.09, -0.47, 1.45, 210.61, -42.93, 9.57, 0.30, 0.20, 0.39, 35973
0.14, -0.47, 2.01, 151.59, -46.59, 24.82, 0.30, 0.19, 0.39, 35983
-0.14, -0.52, 1.71, 85.43, -46.16, 33.66, 0.29, 0.18, 0.39, 35993
-0.35, -0.49, 1.03, 48.84, -32.44, 25.12, 0.29, 0.18, 0.39, 36003
-0.34, -0.44, 0.50, 55.18, -19.88, 15.67, 0.29, 0.18, 0.39, 36013
-0.32, -0.40, 0.39, 79.94, -12.32, 11.04, 0.29, 0.18, 0.40, 36023
-0.31, -0.35, 0.48, 89.82, -9.63, 5.00, 0.29, 0.17, 0.40, 36033
-0.25, -0.29, 0.42, 95.85, -8.54, -1.04, 0.29, 0.16, 0.40, 36043
-0.16, -0.28, 0.32, 115.43, -13.90, -4.82, 0.28, 0.15, 0.41, 36053
-0.04, -0.28, 0.50, 145.12, -23.35, -4.02, 0.28, 0.15, 0.41, 36063
0.10, -0.33, 1.12, 166.34, -36.28, 2.13, 0.27, 0.14, 0.41, 36073
0.11, -0.32, 1.67, 139.21, -44.39, 13.96, 0.27, 0.13, 0.41, 36083
-0.07, -0.32, 1.66, 89.88, -45.49, 23.54, 0.27, 0.12, 0.42, 36093
-0.32, -0.33, 1.22, 54.57, -33.78, 19.82, 0.27, 0.12, 0.42, 36103
-0.40, -0.32, 0.77, 55.06, -25.30, 6.28, 0.26, 0.12, 0.42, 36113
-0.29, -0.25, 0.71, 65.79, -25.06, -6.52, 0.26, 0.12, 0.41, 36123
-0.18, -0.20, 0.65, 74.15, -30.24, -12.44, 0.26, 0.11, 0.42, 36133
-0.13, -0.17, 0.54, 87.01, -32.13, -12.93, 0.25, 0.10, 0.42, 36143
-0.08, -0.20, 0.61, 108.96, -32.44, -15.49, 0.25, 0.09, 0.43, 36153
0.13, -0.19, 0.90, 124.27, -30.55, -13.48, 0.25, 0.09, 0.43, 36163
0.27, -0.19, 1.21, 126.46, -27.32, 1.71, 0.25, 0.08, 0.43, 36173
0.18, -0.17, 1.38, 111.65, -19.21, 22.07, 0.24, 0.07, 0.42, 36183
-0.07, -0.16, 1.31, 91.59, -8.05, 32.93, 0.24, 0.07, 0.42, 36193
-0.37, -0.14, 1.14, 76.65, 1.59, 25.85, 0.24, 0.06, 0.43, 36203
-0.46, -0.11, 0.92, 72.13, 5.55, 8.66, 0.24, 0.05, 0.43, 36213
-0.43, -0.09, 0.81, 77.26, 7.44, -7.32, 0.24, 0.05, 0.42, 36223
-0.29, -0.08, 0.80, 87.26, 0.37, -20.98, 0.23, 0.05, 0.42, 36233
-0.08, -0.12, 1.00, 94.88, -10.67, -29.02, 0.23, 0.04, 0.42, 36243
0.15, -0.13, 1.25, 92.68, -20.30, -25.67, 0.23, 0.03, 0.42, 36253
0.21, -0.13, 1.44, 75.73, -22.99, -11.04, 0.23, 0.02, 0.42, 36263
0.07, -0.15, 1.43, 53.11, -25.37, 2.07, 0.23, 0.02, 0.42, 36273
-0.06, -0.17, 1.24, 38.84, -29.51, 1.16, 0.22, 0.02, 0.42, 36283
-0.06, -0.14, 1.12, 37.99, -38.48, -2.32, 0.22, 0.02, 0.42, 36293
-0.04, -0.11, 1.14, 39.39, -32.87, -2.68, 0.22, 0.02, 0.42, 36303
-0.04, -0.10, 1.16, 35.06, -22.01, -2.20, 0.22, 0.02, 0.42, 36313
-0.06, -0.11, 1.09, 32.01, -9.15, -1.71, 0.22, 0.01, 0.42, 36323
-0.03, -0.12, 1.07, 34.70, -0.24, -2.99, 0.22, 0.01, 0.42, 36333
0.00, -0.14, 1.17, 35.91, 1.22, -2.62, 0.21, 0.01, 0.42, 36343
0.04, -0.13, 1.32, 26.10, 4.02, -1.52, 0.21, 0.01, 0.41, 36353
0.04, -0.11, 1.26, 12.01, 4.76, 1.52, 0.21, 0.01, 0.41, 36363
-0.04, -0.10, 1.09, 7.74, 1.65, 3.11, 0.21, 0.00, 0.42, 36373
-0.12, -0.11, 1.04, 11.34, -3.17, -1.65, 0.21, 0.00, 0.42, 36383
-0.07, -0.10, 1.07, 13.66, -8.05, -6.89, 0.21, 0.00, 0.42, 36393
0.03, -0.11, 1.12, 13.17, -2.50, -7.68, 0.21, 0.00, 0.41, 36403
0.10, -0.12, 1.13, 9.88, 1.04, -2.62, 0.21, 0.00, 0.41, 36413
0.09, -0.12, 1.13, 7.20, 2.56, 3.17, 0.21, 0.00, 0.42, 36423
0.02, -0.11, 1.11, 4.15, 2.13, 6.22, 0.21, -0.00, 0.42, 36433
-0.03, -0.10, 1.07, 2.56, 3.84, 6.71, 0.21, -0.00, 0.42, 36443
-0.08, -0.08, 1.02, 1.95, 3.60, 5.43, 0.21, -0.00, 0.41, 36453
-0.13, -0.10, 0.94, 6.28, -0.30, 1.34, 0.21, 0.00, 0.41, 36463
-0.05, -0.08, 1.00, 9.76, 1.52, -2.20, 0.21, 0.00, 0.41, 36473
-0.03, -0.09, 1.03, 9.45, -1.10, -1.46, 0.21, -0.00, 0.42, 36483
-0.02, -0.08, 1.02, 7.56, -1.46, -2.07, 0.21, -0.01, 0.42, 36493
-0.02, -0.09, 0.99, 8.29, -4.15, -1.16, 0.21, -0.00, 0.42, 36503
-0.03, -0.08, 1.03, 8.84, -7.07, -1.59, 0.21, -0.00, 0.42, 36513
-0.03, -0.07, 1.08, 5.98, -6.71, -2.62, 0.21, -0.00, 0.41, 36523
-0.02, -0.09, 1.07, 2.32, -5.98, -2.80, 0.21, -0.00, 0.41, 36533
0.03, -0.10, 1.06, 0.12, -6.77, -2.87, 0.21, -0.01, 0.42, 36543
0.07, -0.08, 1.06, -2.87, -0.37, -0.12, 0.21, -0.00, 0.42, 36553
0.04, -0.08, 1.02, -5.73, 1.71, 4.82, 0.21, -0.00, 0.41, 36563
-0.05, -0.08, 0.96, -5.79, 2.32, 6.34, 0.21, -0.00, 0.41, 36573
-0.10, -0.06, 0.95, -3.96, -0.18, 2.93, 0.21, 0.00, 0.41, 36583
-0.09, -0.06, 0.92, -1.77, -1.83, -0.18, 0.21, -0.00, 0.41, 36593
-0.07, -0.06, 0.95, 1.22, -0.67, -1.16, 0.21, -0.00, 0.42, 36603
-0.03, -0.07, 1.01, 2.13, 4.63, -2.38, 0.22, -0.00, 0.42, 36613
0.02, -0.07, 1.02, 0.98, 4.57, -0.43, 0.21, -0.00, 0.41, 36623
0.00, -0.08, 1.02, 1.04, 4.45, 2.99, 0.21, -0.00, 0.41, 36633
-0.04, -0.08, 1.05, -1.16, 5.37, 3.23, 0.21, -0.00, 0.41, 36643
-0.03, -0.06, 1.02, -4.63, 1.04, 2.80, 0.21, -0.00, 0.42, 36653
-0.06, -0.05, 0.99, -4.27, -3.23, 3.11, 0.21, -0.00, 0.42, 36663
-0.10, -0.06, 0.97, -3.17, -6.22, 1.59, 0.21, -0.00, 0.42, 36673
-0.09, -0.06, 0.97, -1.83, -11.71, -2.80, 0.21, -0.00, 0.41, 36683
-0.03, -0.05, 0.93, 0.43, -12.38, -3.72, 0.21, 0.00, 0.41, 36693
0.00, -0.05, 0.96, 1.46, -2.68, -0.49, 0.21, 0.00, 0.41, 36703
-0.06, -0.05, 0.96, 1.52, -2.20, 1.89, 0.21, -0.01, 0.42, 36713
-0.11, -0.06, 0.99, 3.29, -1.52, -0.55, 0.21, -0.00, 0.42, 36723
-0.06, -0.06, 1.03, 2.56, -2.13, -3.90, 0.21, -0.00, 0.42, 36733
-0.00, -0.07, 1.07, -0.06, -2.07, -3.78, 0.21, -0.00, 0.42, 36743
0.05, -0.07, 1.06, -3.54, -3.66, -1.65, 0.21, -0.00, 0.41, 36753
0.02, -0.08, 1.02, -3.72, -4.39, 1.40, 0.21, -0.00, 0.42, 36763
-0.02, -0.06, 0.99, -3.84, -7.07, 1.65, 0.21, -0.01, 0.42, 36773
-0.04, -0.07, 0.92, -1.16, -4.70, 2.07, 0.21, -0.00, 0.42, 36783
-0.07, -0.07, 0.92, 2.44, -3.41, 0.61, 0.21, -0.00, 0.42, 36793
-0.08, -0.06, 0.98, 2.38, -0.12, -1.71, 0.21, -0.00, 0.42, 36803
-0.07, -0.06, 0.98, 1.16, -1.16, -3.72, 0.21, -0.00, 0.41, 36813
-0.05, -0.06, 0.99, 1.40, -2.56, -5.43, 0.21, -0.01, 0.42, 36823
-0.02, -0.06, 1.01, 1.10, -5.37, -5.37, 0.21, -0.01, 0.42, 36833
0.00, -0.07, 1.01, 1.04, -6.28, -4.70, 0.21, -0.00, 0.42, 36843
0.05, -0.06, 1.03, -0.98, -1.34, -2.26, 0.21, -0.00, 0.42, 36853
-0.01, -0.06, 0.98, -2.32, -0.12, 2.13, 0.20, -0.00, 0.42, 36863
-0.08, -0.06, 0.94, -0.67, -1.34, 0.61, 0.21, -0.00, 0.41, 36873
-0.11, -0.05, 0.92, 4.27, -5.73, -3.17, 0.21, -0.01, 0.42, 36883
-0.09, -0.07, 0.99, 5.61, -6.46, -9.27, 0.21, -0.00, 0.42, 36893
0.01, -0.08, 1.05, 2.32, -5.61, -10.98, 0.21, -0.00, 0.42, 36903
0.06, -0.06, 1.04, -0.73, -0.37, -8.84, 0.20, -0.00, 0.42, 36913
0.06, -0.07, 0.98, -0.55, 0.12, -3.66, 0.20, 0.00, 0.41, 36923
0.01, -0.09, 1.02, 1.89, 0.24, -1.46, 0.21, -0.01, 0.42, 36933
0.01, -0.07, 1.06, -0.43, -0.30, -2.26, 0.21, -0.00, 0.42, 36943
0.03, -0.06, 1.02, -4.09, -1.95, -0.06, 0.21, -0.00, 0.42, 36953
0.01, -0.07, 0.98, -4.33, -0.49, 1.46, 0.20, -0.00, 0.42, 36963
0.00, -0.06, 0.98, -3.29, 1.28, 0.91, 0.20, -0.00, 0.41, 36973
0.02, -0.06, 0.97, -3.23, 2.93, 1.71, 0.21, 0.00, 0.42, 36983
-0.01, -0.06, 0.97, -1.95, 2.87, 3.05, 0.21, -0.00, 0.42, 36993
-0.07, -0.06, 0.96, -0.98, 1.83, 1.40, 0.21, -0.00, 0.42, 37003
-0.10, -0.06, 0.94, 1.04, 0.12, -1.59, 0.21, 0.00, 0.42, 37013
-0.08, -0.06, 0.95, 3.90, -3.35, -5.06, 0.21, -0.00, 0.42, 37023
-0.00, -0.08, 1.00, 4.39, -4.57, -7.44, 0.20, 0.00, 0.42, 37033
0.08, -0.07, 1.04, 2.13, -4.82, -5.12, 0.21, -0.00, 0.42, 37043
0.09, -0.08, 1.02, 0.24, -4.63, -0.06, 0.21, -0.00, 0.42, 37053
0.03, -0.07, 1.00, -0.55, -7.50, 3.11, 0.20, -0.00, 0.42, 37063
-0.05, -0.08, 0.98, 0.06, -8.90, 1.46, 0.20, -0.00, 0.42, 37073
-0.02, -0.08, 1.01, 1.65, -8.96, -1.16, 0.20, 0.00, 0.42, 37083
0.02, -0.07, 1.03, 0.73, -7.93, -0.98, 0.20, -0.00, 0.41, 37093
0.05, -0.08, 1.02, 0.18, -3.05, 0.85, 0.21, -0.00, 0.42, 37103
0.02, -0.06, 1.00, -0.30, 0.37, 2.93, 0.20, -0.01, 0.42, 37113
-0.03, -0.06, 0.96, 1.95, 1.89, 3.84, 0.20, -0.01, 0.42, 37123
-0.09, -0.06, 1.00, 4.63, 1.89, 1.52, 0.20, -0.00, 0.42, 37133
-0.06, -0.07, 0.99, 5.06, 0.37, -2.74, 0.20, -0.00, 0.42, 37143
0.01, -0.06, 1.02, 5.37, -0.30, -2.68, 0.20, -0.00, 0.42, 37153
0.04, -0.07, 1.06, 3.72, 1.46, -0.30, 0.20, -0.01, 0.42, 37163
0.03, -0.07, 1.06, 0.18, 1.28, 2.20, 0.20, -0.00, 0.42, 37173
0.00, -0.06, 1.03, -2.62, 3.35, 3.41, 0.21, -0.00, 0.42, 37183
-0.04, -0.06, 0.99, -3.60, 1.52, 2.99, 0.20, -0.00, 0.42, 37193
-0.08, -0.06, 0.97, -2.01, -0.61, 0.37, 0.20, -0.00, 0.42, 37203
-0.06, -0.05, 0.98, 0.43, -0.79, -2.62, 0.21, -0.00, 0.42, 37213
-0.02, -0.06, 0.99, 1.10, 1.83, -3.54, 0.21, -0.00, 0.42, 37223
0.02, -0.06, 0.98, 0.79, 3.17, -2.38, 0.21, -0.00, 0.42, 37233
0.00, -0.06, 0.98, 1.10, 3.29, -0.43, 0.20, -0.00, 0.42, 37243
-0.02, -0.06, 0.99, 1.52, -0.12, -0.55, 0.20, 0.00, 0.42, 37253
0.02, -0.07, 1.00, 0.73, -3.11, 0.30, 0.20, 0.00, 0.41, 37263
0.03, -0.07, 1.03, -0.91, -1.59, 2.38, 0.21, -0.00, 0.42, 37273
-0.01, -0.08, 1.00, -1.46, -0.24, 4.02, 0.21, -0.00, 0.42, 37283
-0.03, -0.08, 0.98, 2.62, 5.61, 4.39, 0.21, -0.00, 0.42, 37293
-0.07, -0.08, 1.02, 8.29, 9.76, 4.88, 0.20, -0.00, 0.42, 37303
-0.13, -0.08, 1.08, 12.13, 17.62, 4.63, 0.20, -0.00, 0.42, 37313
-0.18, -0.10, 1.18, 14.82, 24.27, 2.26, 0.21, -0.00, 0.42, 37323
-0.19, -0.12, 1.27, 14.39, 29.45, -2.07, 0.21, -0.01, 0.42, 37333
-0.15, -0.14, 1.37, 10.98, 31.04, -6.16, 0.21, -0.01, 0.42, 37343
-0.10, -0.16, 1.45, 4.51, 32.26, -9.33, 0.22, -0.00, 0.42, 37353
0.00, -0.17, 1.52, -6.59, 32.13, -9.94, 0.21, 0.00, 0.41, 37363
0.06, -0.14, 1.49, -21.16, 31.04, -5.49, 0.22, 0.00, 0.41, 37373
0.03, -0.12, 1.33, -30.61, 33.60, 1.10, 0.22, -0.00, 0.42, 37383
-0.08, -0.08, 1.20, -33.23, 36.16, 5.37, 0.23, 0.00, 0.42, 37393
-0.20, -0.07, 1.10, -33.66, 39.51, 4.15, 0.23, 0.00, 0.42, 37403
-0.26, -0.05, 1.03, -32.62, 38.41, -2.01, 0.23, 0.01, 0.42, 37413
-0.29, -0.03, 0.98, -32.80, 32.50, -9.45, 0.23, 0.01, 0.42, 37423
-0.28, -0.05, 0.95, -35.06, 30.30, -20.18, 0.23, 0.02, 0.42, 37433
-0.12, -0.03, 0.89, -40.67, 29.27, -28.48, 0.24, 0.02, 0.42, 37443
0.09, -0.02, 0.72, -41.95, 34.82, -25.79, 0.24, 0.02, 0.42, 37453
0.23, 0.02, 0.60, -40.30, 33.17, -15.30, 0.24, 0.03, 0.42, 37463
0.19, 0.02, 0.42, -36.34, 27.50, -3.17, 0.24, 0.03, 0.42, 37473
0.07, 0.03, 0.26, -21.95, 16.59, 5.67, 0.24, 0.03, 0.42, 37483
-0.10, 0.03, 0.21, -3.48, 6.28, 6.77, 0.25, 0.03, 0.42, 37493
-0.19, 0.04, 0.29, 11.83, -6.34, -0.91, 0.25, 0.03, 0.42, 37503
-0.12, 0.04, 0.35, 20.37, -18.29, -9.09, 0.24, 0.02, 0.42, 37513
-0.06, 0.02, 0.42, 26.46, -25.91, -12.99, 0.24, 0.02, 0.42, 37523
0.01, 0.00, 0.47, 30.85, -33.23, -15.61, 0.23, 0.03, 0.42, 37533
0.10, -0.02, 0.55, 38.78, -38.48, -13.90, 0.23, 0.02, 0.42, 37543
0.15, -0.02, 0.70, 43.60, -43.05, -9.02, 0.23, 0.02, 0.42, 37553
0.12, -0.04, 0.80, 42.50, -44.39, -2.50, 0.23, 0.01, 0.42, 37563
0.08, -0.05, 0.86, 41.40, -47.87, 0.43, 0.22, 0.01, 0.42, 37573
0.05, -0.06, 0.87, 43.72, -47.87, 2.20, 0.22, 0.01, 0.42, 37583
0.09, -0.08, 0.98, 49.45, -39.27, 3.72, 0.21, 0.01, 0.42, 37593
0.12, -0.07, 1.13, 48.29, -31.52, 8.84, 0.21, 0.00, 0.42, 37603
0.08, -0.07, 1.22, 41.65, -21.10, 15.06, 0.21, -0.00, 0.42, 37613
-0.01, -0.06, 1.19, 36.34, -14.76, 18.48, 0.21, -0.01, 0.42, 37623
-0.09, -0.06, 1.14, 38.54, -13.96, 18.29, 0.21, -0.01, 0.42, 37633
-0.16, -0.04, 1.25, 42.20, -15.61, 15.43, 0.21, -0.01, 0.42, 37643
-0.17, -0.05, 1.36, 40.67, -17.93, 10.91, 0.21, -0.02, 0.41, 37653
-0.15, -0.06, 1.48, 35.18, -15.73, 7.56, 0.21, -0.02, 0.41, 37663
-0.16, -0.08, 1.57, 23.90, -15.12, 5.12, 0.21, -0.02, 0.42, 37673
-0.16, -0.08, 1.58, 11.65, -12.07, 0.67, 0.21, -0.02, 0.42, 37683
-0.13, -0.09, 1.50, 2.13, -9.88, -2.99, 0.21, -0.02, 0.42, 37693
-0.08, -0.11, 1.44, -1.22, -6.95, -5.73, 0.20, -0.02, 0.41, 37703
-0.01, -0.10, 1.44, -2.68, -5.12, -5.55, 0.20, -0.02, 0.41, 37713
0.01, -0.10, 1.45, -4.70, 1.22, -2.50, 0.21, -0.02, 0.42, 37723
-0.05, -0.11, 1.50, -8.78, 10.37, 0.18, 0.21, -0.02, 0.42, 37733
-0.08, -0.11, 1.52, -15.55, 18.29, -1.22, 0.21, -0.02, 0.42, 37743
-0.08, -0.08, 1.46, -24.82, 21.28, -3.48, 0.21, -0.01, 0.42, 37753
-0.08, -0.07, 1.35, -30.00, 22.13, -3.96, 0.21, -0.01, 0.42, 37763
-0.10, -0.05, 1.29, -33.66, 20.55, -6.16, 0.21, -0.01, 0.42, 37773
-0.12, -0.04, 1.23, -38.11, 18.29, -8.78, 0.22, -0.01, 0.42, 37783
-0.11, -0.03, 1.16, -42.44, 18.17, -12.44, 0.22, 0.00, 0.42, 37793
-0.05, -0.03, 1.05, -46.59, 20.85, -14.70, 0.22, 0.00, 0.43, 37803
0.00, -0.02, 0.92, -45.30, 22.68, -13.05, 0.22, 0.01, 0.42, 37813
0.02, -0.01, 0.83, -43.90, 22.26, -10.37, 0.22, 0.01, 0.42, 37823
0.02, -0.03, 0.70, -42.62, 24.09, -8.60, 0.23, 0.01, 0.43, 37833
-0.02, -0.02, 0.61, -36.04, 15.00, -5.30, 0.23, 0.01, 0.43, 37843
-0.01, -0.00, 0.51, -28.72, 11.46, -6.28, 0.23, 0.02, 0.43, 37853
0.01, 0.01, 0.46, -20.24, 4.82, -6.04, 0.23, 0.02, 0.43, 37863
0.00, -0.01, 0.46, -11.46, -5.12, -6.89, 0.23, 0.03, 0.43, 37873
0.09, -0.02, 0.48, -2.68, -8.66, -6.65, 0.23, 0.02, 0.43, 37883
0.14, -0.01, 0.58, 2.93, -11.46, -2.20, 0.23, 0.02, 0.43, 37893
0.14, -0.01, 0.63, 4.15, -12.99, 4.82, 0.23, 0.02, 0.43, 37903
0.04, -0.00, 0.65, 3.41, -8.48, 9.15, 0.23, 0.02, 0.43, 37913
-0.01, 0.00, 0.58, 4.76, -7.01, 9.02, 0.23, 0.02, 0.43, 37923
0.02, 0.01, 0.54, 12.13, -7.74, 9.70, 0.23, 0.02, 0.43, 37933
0.01, 0.03, 0.58, 18.54, -9.09, 12.26, 0.23, 0.02, 0.43, 37943
-0.02, 0.04, 0.59, 23.23, -8.29, 16.40, 0.23, 0.01, 0.43, 37953
-0.12, 0.04, 0.63, 28.60, -10.06, 17.20, 0.23, 0.01, 0.43, 37963
-0.17, 0.04, 0.68, 32.93, -13.05, 13.11, 0.23, 0.01, 0.43, 37973
-0.15, 0.03, 0.69, 38.17, -14.09, 9.21, 0.22, 0.00, 0.43, 37983
-0.17, 0.02, 0.82, 40.61, -12.44, 5.73, 0.22, 0.01, 0.43, 37993
-0.13, 0.00, 0.90, 38.96, -14.33, 1.04, 0.22, -0.00, 0.43, 38003
-0.06, -0.00, 0.96, 35.79, -15.67, -1.52, 0.22, -0.01, 0.43, 38013
0.00, -0.01, 0.95, 34.15, -20.00, 0.18, 0.22, -0.01, 0.42, 38023
0.01, -0.02, 0.97, 37.32, -23.66, 3.72, 0.21, -0.01, 0.42, 38033
-0.02, -0.01, 1.03, 38.29, -31.10, 5.91, 0.21, -0.01, 0.42, 38043
-0.07, -0.03, 1.02, 42.74, -31.46, 6.71, 0.21, -0.02, 0.42, 38053
-0.08, -0.05, 1.16, 47.38, -23.05, 5.12, 0.21, -0.02, 0.42, 38063
-0.04, -0.07, 1.31, 46.52, -16.59, 3.78, 0.21, -0.03, 0.42, 38073
0.02, -0.07, 1.46, 40.49, -11.28, 4.88, 0.20, -0.02, 0.42, 38083
0.02, -0.08, 1.52, 32.99, -7.20, 9.27, 0.20, -0.03, 0.41, 38093
-0.03, -0.08, 1.62, 26.59, -4.33, 12.13, 0.20, -0.03, 0.42, 38103
-0.12, -0.07, 1.75, 12.50, -2.74, 12.13, 0.20, -0.03, 0.41, 38113
-0.20, -0.06, 1.71, -5.00, -0.12, 8.84, 0.21, -0.03, 0.42, 38123
-0.24, -0.06, 1.57, -15.43, 5.61, 2.32, 0.21, -0.03, 0.42, 38133
-0.24, -0.06, 1.47, -16.22, 11.04, -5.67, 0.20, -0.02, 0.42, 38143
-0.14, -0.07, 1.50, -17.38, 15.79, -11.89, 0.21, -0.02, 0.41, 38153
-0.08, -0.07, 1.50, -24.76, 18.66, -13.90, 0.21, -0.02, 0.42, 38163
-0.06, -0.07, 1.39, -31.40, 21.40, -14.27, 0.21, -0.02, 0.42, 38173
-0.04, -0.07, 1.31, -33.90, 24.70, -15.00, 0.21, -0.02, 0.42, 38183
-0.04, -0.06, 1.30, -36.71, 24.45, -15.00, 0.21, -0.01, 0.42, 38193
-0.02, -0.06, 1.28, -42.62, 25.24, -14.94, 0.22, -0.01, 0.42, 38203
-0.02, -0.04, 1.18, -49.51, 22.26, -13.84, 0.22, -0.00, 0.42, 38213
-0.05, -0.04, 1.01, -51.16, 23.29, -13.84, 0.22, 0.00, 0.42, 38223
-0.03, -0.02, 0.94, -47.26, 18.29, -15.30, 0.22, 0.00, 0.43, 38233
0.02, -0.01, 0.88, -43.78, 18.23, -14.39, 0.23, 0.01, 0.43, 38243
0.04, 0.03, 0.84, -41.22, 17.32, -8.60, 0.23, 0.01, 0.43, 38253
-0.08, -0.00, 0.78, -42.50, 19.63, -7.13, 0.23, 0.02, 0.43, 38263
-0.08, 0.02, 0.70, -39.94, 18.05, -8.72, 0.23, 0.02, 0.43, 38273
-0.09, 0.02, 0.62, -36.22, 15.79, -10.49, 0.23, 0.02, 0.43, 38283
-0.03, 0.02, 0.55, -31.52, 9.76, -11.89, 0.24, 0.03, 0.43, 38293
0.00, 0.03, 0.49, -26.65, 5.79, -11.40, 0.23, 0.02, 0.43, 38303
0.05, 0.02, 0.43, -19.88, 2.80, -10.00, 0.23, 0.02, 0.43, 38313
0.07, 0.02, 0.40, -10.85, 0.85, -7.26, 0.23, 0.03, 0.43, 38323
0.05, 0.01, 0.40, -1.22, -2.20, -4.15, 0.23, 0.03, 0.43, 38333
0.01, 0.01, 0.48, 6.89, -2.80, -1.77, 0.23, 0.02, 0.43, 38343
-0.01, -0.00, 0.55, 10.06, -3.54, -1.83, 0.24, 0.02, 0.43, 38353
0.03, -0.00, 0.58, 10.06, -4.51, -1.83, 0.23, 0.02, 0.44, 38363
0.05, 0.00, 0.55, 12.93, -8.11, 1.77, 0.23, 0.03, 0.43, 38373
0.00, -0.00, 0.56, 19.82, -10.43, 3.72, 0.23, 0.03, 0.43, 38383
-0.00, -0.00, 0.61, 26.40, -13.72, 3.29, 0.23, 0.02, 0.43, 38393
0.00, -0.00, 0.66, 31.04, -15.12, 3.60, 0.23, 0.01, 0.43, 38403
0.03, -0.02, 0.73, 35.06, -13.78, 4.88, 0.23, 0.01, 0.43, 38413
0.06, -0.02, 0.78, 37.62, -11.04, 7.74, 0.22, 0.01, 0.43, 38423
0.05, -0.02, 0.85, 38.35, -8.96, 12.26, 0.22, 0.01, 0.43, 38433
-0.00, -0.01, 0.88, 38.11, -5.91, 15.85, 0.22, 0.00, 0.42, 38443
-0.09, -0.02, 0.91, 40.55, -6.34, 15.37, 0.22, -0.00, 0.42, 38453
-0.07, -0.01, 0.98, 42.50, -8.72, 12.62, 0.22, -0.00, 0.42, 38463
-0.05, -0.01, 1.05, 43.90, -12.87, 12.38, 0.22, -0.01, 0.43, 38473
-0.08, -0.04, 1.16, 42.32, -20.61, 12.56, 0.21, -0.01, 0.42, 38483
-0.11, -0.04, 1.23, 39.39, -26.46, 11.10, 0.21, -0.01, 0.42, 38493
-0.16, -0.06, 1.29, 38.60, -30.73, 7.56, 0.21, -0.02, 0.42, 38503
-0.14, -0.10, 1.43, 38.78, -32.80, 0.49, 0.21, -0.02, 0.42, 38513
-0.01, -0.10, 1.60, 31.04, -28.11, -3.96, 0.21, -0.02, 0.42, 38523
0.11, -0.10, 1.67, 18.35, -20.24, -0.73, 0.21, -0.02, 0.42, 38533
0.12, -0.10, 1.66, 7.07, -11.04, 6.04, 0.20, -0.02, 0.41, 38543
0.04, -0.09, 1.62, -1.10, -4.21, 9.94, 0.20, -0.02, 0.42, 38553
-0.05, -0.09, 1.57, -7.26, 2.93, 9.88, 0.20, -0.02, 0.41, 38563
-0.12, -0.07, 1.49, -12.38, 7.20, 6.95, 0.21, -0.02, 0.42, 38573
-0.15, -0.06, 1.40, -13.96, 10.98, 1.40, 0.21, -0.02, 0.42, 38583
-0.08, -0.04, 1.37, -14.94, 12.68, -3.60, 0.21, -0.02, 0.42, 38593
-0.09, -0.05, 1.37, -18.78, 8.17, -5.67, 0.21, -0.01, 0.42, 38603
-0.08, -0.03, 1.36, -25.00, 4.02, -8.35, 0.21, -0.01, 0.42, 38613
-0.04, -0.03, 1.29, -31.46, 1.95, -9.45, 0.21, -0.01, 0.42, 38623
-0.04, -0.02, 1.22, -34.94, 0.79, -8.72, 0.21, -0.01, 0.42, 38633
-0.04, -0.01, 1.18, -38.11, 2.26, -6.95, 0.21, -0.01, 0.43, 38643
-0.06, -0.01, 1.12, -42.32, 4.76, -6.71, 0.21, -0.00, 0.43, 38653
-0.03, -0.00, 1.03, -45.91, 9.45, -6.83, 0.21, 0.00, 0.43, 38663
-0.02, 0.02, 0.89, -45.73, 10.91, -4.63, 0.22, 0.01, 0.43, 38673
-0.07, 0.00, 0.76, -41.34, 16.10, -3.84, 0.22, 0.01, 0.43, 38683
-0.08, -0.01, 0.74, -35.49, 18.17, -6.59, 0.23, 0.01, 0.43, 38693
-0.02, -0.01, 0.66, -33.17, 19.09, -8.72, 0.23, 0.01, 0.43, 38703
0.04, -0.02, 0.59, -28.23, 19.39, -7.62, 0.22, 0.02, 0.43, 38713
0.09, -0.03, 0.54, -21.34, 18.72, -4.15, 0.23, 0.02, 0.43, 38723
0.09, -0.03, 0.57, -15.55, 16.28, 0.06, 0.23, 0.02, 0.43, 38733
0.06, -0.04, 0.56, -12.62, 14.15, 3.72, 0.23, 0.02, 0.43, 38743
0.03, -0.01, 0.53, -10.06, 8.66, 5.79, 0.23, 0.02, 0.43, 38753
-0.04, -0.02, 0.50, -3.90, 4.63, 6.65, 0.23, 0.02, 0.43, 38763
-0.08, -0.01, 0.49, 4.70, -2.20, 3.48, 0.23, 0.02, 0.43, 38773
-0.05, -0.00, 0.54, 11.46, -7.93, 1.10, 0.23, 0.02, 0.43, 38783
-0.02, -0.02, 0.59, 17.07, -7.68, 1.28, 0.23, 0.02, 0.43, 38793
0.03, -0.03, 0.67, 21.10, -4.88, 3.05, 0.23, 0.01, 0.43, 38803
0.04, -0.02, 0.76, 21.59, -5.00, 7.13, 0.23, 0.01, 0.43, 38813
-0.00, -0.03, 0.77, 19.82, -3.35, 10.85, 0.23, 0.01, 0.43, 38823
-0.04, -0.01, 0.75, 18.78, -2.62, 12.20, 0.23, 0.01, 0.42, 38833
-0.08, 0.01, 0.71, 21.52, -3.96, 12.44, 0.22, 0.01, 0.42, 38843
-0.11, 0.00, 0.73, 26.22, -4.70, 12.62, 0.23, 0.00, 0.43, 38853
-0.14, 0.01, 0.77, 29.76, -8.72, 9.76, 0.23, -0.00, 0.42, 38863
-0.11, -0.01, 0.80, 32.99, -10.43, 6.34, 0.22, -0.00, 0.42, 38873
-0.05, -0.02, 0.87, 35.73, -13.90, 5.79, 0.22, -0.01, 0.42, 38883
-0.04, -0.02, 0.94, 36.83, -17.01, 6.89, 0.22, -0.01, 0.42, 38893
-0.02, -0.02, 1.02, 35.55, -20.73, 8.84, 0.22, -0.01, 0.42, 38903
-0.01, -0.04, 1.07, 33.54, -17.38, 10.12, 0.22, -0.02, 0.42, 38913
0.02, -0.03, 1.14, 29.45, -12.38, 12.80, 0.22, -0.02, 0.42, 38923
-0.01, -0.03, 1.15, 24.63, -4.45, 16.28, 0.21, -0.02, 0.41, 38933
-0.08, -0.03, 1.09, 23.23, -2.68, 16.40, 0.21, -0.02, 0.41, 38943
-0.09, -0.02, 1.05, 24.70, -4.15, 13.60, 0.21, -0.02, 0.41, 38953
-0.09, -0.04, 1.10, 27.62, -0.18, 11.28, 0.21, -0.03, 0.41, 38963
-0.02, -0.03, 1.18, 24.70, 1.28, 10.85, 0.21, -0.03, 0.41, 38973
-0.07, -0.03, 1.17, 18.84, -0.73, 12.32, 0.21, -0.03, 0.41, 38983
-0.13, -0.01, 1.16, 14.21, -1.77, 10.24, 0.21, -0.03, 0.41, 38993
-0.12, -0.00, 1.10, 13.48, -4.88, 5.73, 0.21, -0.03, 0.41, 39003
-0.08, -0.00, 1.08, 15.79, -6.95, 2.62, 0.21, -0.03, 0.41, 39013
-0.05, 0.01, 1.14, 16.34, -3.29, 2.32, 0.21, -0.04, 0.41, 39023
-0.09, -0.09, 1.16, 33.05, -24.76, 3.48, 0.21, -0.04, 0.41, 39033
-0.16, -0.05, 1.95, 35.06, -17.13, -5.61, 0.21, -0.04, 0.41, 39043
0.05, -0.00, 1.99, -17.38, -6.71, -6.89, 0.20, -0.04, 0.40, 39053
0.08, 0.00, 1.41, -50.06, 8.66, 3.41, 0.20, -0.03, 0.40, 39063
-0.01, 0.02, 0.83, -38.72, 19.94, 9.63, 0.21, -0.04, 0.41, 39073
-0.16, 0.04, 0.79, -10.37, 22.20, 9.09, 0.21, -0.04, 0.41, 39083
-0.23, 0.04, 0.96, -1.04, 19.39, 1.22, 0.21, -0.03, 0.40, 39093
-0.21, 0.04, 0.93, 1.71, 17.74, -6.65, 0.21, -0.03, 0.41, 39103
-0.15, 0.04, 0.88, 3.78, 16.04, -13.23, 0.21, -0.03, 0.40, 39113
-0.04, 0.04, 0.84, 8.23, 11.16, -15.79, 0.21, -0.03, 0.40, 39123
0.02, 0.01, 0.99, 11.40, 7.07, -15.24, 0.21, -0.03, 0.40, 39133
0.07, -0.00, 1.14, 3.78, 1.40, -13.54, 0.21, -0.03, 0.41, 39143
0.12, -0.01, 1.12, -5.24, -5.00, -10.24, 0.21, -0.03, 0.41, 39153
0.11, 0.02, 1.03, -10.67, -8.60, -4.76, 0.21, -0.03, 0.41, 39163
0.04, 0.02, 0.93, -7.68, -9.09, 0.24, 0.21, -0.03, 0.40, 39173
-0.06, 0.03, 0.91, -3.48, -8.23, 1.04, 0.21, -0.03, 0.41, 39183
-0.09, 0.03, 0.92, 0.30, -3.60, -1.95, 0.21, -0.03, 0.41, 39193
-0.04, 0.04, 0.94, 2.13, 4.33, -2.80, 0.21, -0.03, 0.41, 39203
-0.03, 0.04, 0.97, 2.01, 12.26, -0.98, 0.21, -0.03, 0.41, 39213
-0.05, 0.03, 0.95, 2.38, 13.48, -0.18, 0.21, -0.03, 0.40, 39223
-0.04, 0.02, 0.98, 2.38, 11.52, -0.79, 0.21, -0.03, 0.40, 39233
-0.02, 0.03, 0.99, 0.12, 7.13, -0.55, 0.21, -0.03, 0.41, 39243
-0.02, 0.04, 0.97, -2.13, 0.98, 1.40, 0.21, -0.03, 0.41, 39253
-0.07, 0.04, 0.97, -3.96, -1.89, 0.43, 0.21, -0.03, 0.41, 39263
-0.08, 0.04, 0.90, -2.99, -4.51, -1.28, 0.21, -0.03, 0.41, 39273
-0.09, 0.04, 0.91, 1.52, -1.65, -2.44, 0.21, -0.03, 0.40, 39283
-0.05, 0.04, 0.93, 4.63, 0.06, -3.78, 0.21, -0.03, 0.40, 39293
-0.02, 0.04, 0.94, 6.40, 1.22, -2.50, 0.21, -0.03, 0.41, 39303
-0.04, 0.03, 1.00, 9.02, -3.05, -0.61, 0.21, -0.03, 0.40, 39313
-0.06, 0.01, 1.15, 8.78, -9.63, -2.32, 0.21, -0.03, 0.41, 39323
0.01, 0.03, 1.23, -2.01, -6.46, -1.83, 0.21, -0.03, 0.41, 39333
0.00, 0.03, 1.12, -11.22, -3.05, 2.32, 0.21, -0.03, 0.40, 39343
-0.04, 0.03, 0.99, -9.33, -0.55, 3.05, 0.21, -0.03, 0.41, 39353
-0.05, 0.04, 0.99, -4.82, 5.30, 3.05, 0.21, -0.03, 0.40, 39363
-0.07, 0.03, 1.01, -4.02, 9.63, 2.99, 0.21, -0.03, 0.41, 39373
-0.10, 0.03, 0.97, -4.51, 11.28, 1.65, 0.21, -0.03, 0.41, 39383
-0.12, 0.03, 0.94, -3.35, 9.33, -1.83, 0.21, -0.03, 0.40, 39393
-0.09, 0.03, 0.93, -0.06, 3.96, -4.45, 0.21, -0.03, 0.40, 39403
-0.05, 0.03, 0.96, 1.46, -1.46, -5.43, 0.21, -0.03, 0.41, 39413
-0.01, 0.02, 0.99, 2.87, -8.05, -5.00, 0.21, -0.03, 0.41, 39423
0.02, 0.01, 1.04, 1.83, -9.70, -3.41, 0.22, -0.03, 0.41, 39433
0.03, 0.01, 1.04, -1.52, -7.56, -0.91, 0.21, -0.03, 0.41, 39443
-0.01, 0.02, 0.99, -3.60, -6.52, 2.07, 0.21, -0.03, 0.40, 39453
-0.06, 0.01, 0.93, -2.26, -3.23, 2.56, 0.21, -0.03, 0.40, 39463
-0.07, 0.02, 0.96, 0.06, -2.20, 1.40, 0.21, -0.03, 0.41, 39473
-0.06, 0.03, 0.96, 0.91, 0.61, -0.06, 0.21, -0.03, 0.41, 39483
-0.08, 0.01, 0.98, 2.80, 2.32, -0.43, 0.21, -0.03, 0.41, 39493
-0.07, 0.01, 1.01, 3.54, 0.98, -3.35, 0.21, -0.03, 0.41, 39503
-0.02, 0.00, 1.05, 2.87, 1.52, -3.84, 0.21, -0.03, 0.40, 39513
0.01, -0.00, 1.07, 0.30, 1.46, -2.38, 0.21, -0.03, 0.41, 39523
0.02, 0.00, 1.04, -2.26, 0.79, 0.98, 0.21, -0.03, 0.41, 39533
-0.03, 0.01, 1.00, -3.41, -1.16, 3.05, 0.21, -0.03, 0.41, 39543
-0.06, 0.02, 0.96, -2.20, -4.45, 2.38, 0.21, -0.03, 0.40, 39553
-0.05, 0.02, 0.95, -0.55, -3.90, 1.52, 0.21, -0.03, 0.40, 39563
-0.05, 0.03, 0.92, 1.34, -4.70, 2.01, 0.21, -0.03, 0.40, 39573
-0.06, 0.01, 0.93, 3.78, -0.61, 1.04, 0.21, -0.03, 0.41, 39583
-0.04, 0.02, 0.96, 4.33, -0.24, 2.20, 0.21, -0.03, 0.41, 39593
-0.07, 0.02, 0.99, 4.76, 0.49, 2.56, 0.21, -0.03, 0.41, 39603
-0.06, 0.02, 1.02, 3.72, -0.12, 1.22, 0.21, -0.03, 0.40, 39613
-0.04, 0.02, 1.02, 2.07, -0.91, 1.22, 0.21, -0.03, 0.40, 39623
-0.04, 0.02, 1.00, 1.28, -2.56, 1.77, 0.21, -0.03, 0.40, 39633
-0.06, 0.02, 1.00, 1.95, -2.68, 1.46, 0.21, -0.03, 0.41, 39643
-0.05, 0.03, 0.99, 2.62, -3.66, 0.61, 0.21, -0.03, 0.41, 39653
-0.04, 0.02, 0.98, 3.90, -2.80, 1.04, 0.21, -0.03, 0.41, 39663
-0.04, 0.03, 0.97, 4.70, -1.52, 1.34, 0.21, -0.03, 0.40, 39673
-0.05, 0.02, 0.97, 6.71, 0.00, 1.04, 0.21, -0.03, 0.40, 39683
-0.02, 0.00, 1.00, 6.34, 3.17, 0.30, 0.21, -0.04, 0.41, 39693
0.02, -0.00, 1.02, 3.35, 7.01, 1.46, 0.21, -0.04, 0.41, 39703
0.01, -0.00, 1.04, -1.52, 11.83, 3.05, 0.21, -0.04, 0.40, 39713
-0.02, -0.01, 1.00, -4.88, 10.18, 3.29, 0.21, -0.03, 0.40, 39723
-0.03, 0.01, 0.96, -5.12, 5.79, 2.07, 0.21, -0.03, 0.40, 39733
0.01, 0.02, 0.91, -2.32, 7.07, 3.23, 0.21, -0.03, 0.40, 39743
0.00, 0.02, 0.90, 4.02, 9.33, 7.07, 0.21, -0.04, 0.41, 39753
-0.03, 0.02, 0.94, 8.48, 7.38, 7.99, 0.21, -0.04, 0.41, 39763
-0.04, 0.03, 0.96, 8.78, 7.38, 8.54, 0.22, -0.04, 0.40, 39773
-0.06, 0.04, 0.93, 8.66, 8.84, 9.02, 0.21, -0.03, 0.40, 39783
-0.08, 0.04, 0.88, 9.39, 9.45, 7.38, 0.21, -0.03, 0.40, 39793
-0.06, 0.04, 0.83, 14.51, 7.44, 5.06, 0.21, -0.04, 0.40, 39803
-0.05, 0.06, 0.86, 19.76, 4.21, 5.49, 0.22, -0.04, 0.40, 39813
-0.06, 0.07, 0.87, 22.13, 2.13, 7.01, 0.22, -0.04, 0.40, 39823
-0.10, 0.07, 0.86, 24.57, -2.93, 6.46, 0.22, -0.05, 0.40, 39833
-0.15, 0.05, 0.90, 26.89, -2.62, 3.05, 0.21, -0.04, 0.40, 39843
-0.12, 0.04, 0.95, 28.54, -7.56, -1.04, 0.21, -0.04, 0.40, 39853
-0.12, 0.03, 1.05, 29.21, -15.49, -3.54, 0.21, -0.05, 0.40, 39863
-0.11, 0.01, 1.16, 26.52, -26.59, -7.20, 0.21, -0.05, 0.40, 39873
-0.08, 0.03, 1.23, 16.71, -23.41, -9.82, 0.21, -0.05, 0.40, 39883
-0.07, 0.04, 1.21, 2.50, -20.30, -11.52, 0.21, -0.05, 0.40, 39893
-0.06, 0.06, 1.11, -8.90, -14.39, -12.62, 0.21, -0.05, 0.40, 39903
-0.06, 0.06, 0.98, -12.62, -9.09, -14.70, 0.21, -0.05, 0.40, 39913
-0.06, 0.09, 0.87, -7.13, -8.90, -14.39, 0.21, -0.05, 0.40, 39923
-0.07, 0.08, 0.86, 2.20, -11.71, -13.54, 0.21, -0.05, 0.40, 39933
-0.07, 0.09, 0.91, 8.60, -12.56, -12.07, 0.21, -0.05, 0.40, 39943
-0.05, 0.09, 0.94, 10.61, -13.35, -10.30, 0.20, -0.05, 0.40, 39953
-0.04, 0.10, 0.99, 9.70, -16.95, -11.28, 0.20, -0.05, 0.40, 39963
-0.02, 0.10, 0.97, 6.59, -38.84, -11.95, 0.20, -0.05, 0.40, 39973
-0.08, 0.13, 0.95, 7.44, -19.82, -9.21, 0.20, -0.05, 0.40, 39983
-0.15, 0.08, 0.97, 13.60, -34.33, -12.74, 0.20, -0.06, 0.40, 39993
-0.16, 0.08, 1.05, 13.90, -47.01, -19.27, 0.20, -0.05, 0.40, 40003
-0.11, 0.08, 1.10, 7.99, -50.98, -27.01, 0.19, -0.05, 0.40, 40013
0.02, 0.11, 1.03, -0.55, -46.04, -29.45, 0.19, -0.05, 0.40, 40023
0.09, 0.13, 0.92, -2.32, -43.54, -23.35, 0.19, -0.05, 0.40, 40033
0.10, 0.14, 0.79, 4.51, -41.22, -12.56, 0.19, -0.05, 0.40, 40043
-0.03, 0.13, 0.75, 19.33, -42.20, -5.79, 0.18, -0.05, 0.40, 40053
-0.14, 0.12, 0.87, 32.07, -35.91, -9.57, 0.18, -0.06, 0.40, 40063
-0.17, 0.12, 0.96, 34.82, -30.91, -16.89, 0.18, -0.06, 0.40, 40073
-0.14, 0.13, 1.01, 32.62, -23.23, -25.18, 0.18, -0.06, 0.40, 40083
-0.01, 0.13, 0.93, 32.38, -18.41, -32.68, 0.18, -0.06, 0.40, 40093
0.11, 0.05, 0.93, 41.59, -21.77, -32.44, 0.18, -0.07, 0.40, 40103
0.19, 0.00, 1.02, 52.80, -33.90, -32.93, 0.17, -0.07, 0.40, 40113
0.24, 0.04, 1.20, 55.00, -37.26, -28.78, 0.17, -0.07, 0.39, 40123
0.23, 0.09, 1.33, 43.23, -23.96, -20.37, 0.17, -0.07, 0.39, 40133
0.11, 0.11, 1.35, 22.74, -2.99, -11.71, 0.17, -0.07, 0.40, 40143
-0.05, 0.13, 1.22, 2.13, 7.07, -13.17, 0.17, -0.07, 0.40, 40153
0.00, 0.16, 1.01, -7.07, -6.71, -20.67, 0.17, -0.07, 0.40, 40163
0.05, 0.21, 0.85, -2.56, -9.02, -20.61, 0.17, -0.07, 0.39, 40173
0.17, 0.21, 0.81, 8.72, -25.12, -14.33, 0.17, -0.07, 0.39, 40183
0.19, 0.20, 0.88, 16.46, -30.24, -3.41, 0.16, -0.07, 0.39, 40193
0.17, 0.18, 1.03, 13.41, -37.74, 6.10, 0.16, -0.08, 0.39, 40203
0.17, 0.17, 1.14, 1.04, -34.33, 12.62, 0.16, -0.07, 0.40, 40213
0.17, 0.14, 1.12, -11.34, -24.27, 16.95, 0.16, -0.07, 0.40, 40223
0.25, 0.16, 0.99, -14.09, -42.32, 21.10, 0.15, -0.07, 0.40, 40233
0.38, 0.17, 1.07, -1.77, -155.37, 35.43, 0.14, -0.07, 0.40, 40243
0.31, 0.12, 0.99, -12.13, -85.49, 45.12, 0.14, -0.07, 0.40, 40253
0.35, 0.12, 1.10, -15.55, -111.77, 53.05, 0.13, -0.08, 0.40, 40263
0.38, 0.11, 1.07, -20.06, -141.10, 60.30, 0.12, -0.07, 0.40, 40273
0.49, 0.10, 1.06, -22.44, -166.40, 72.99, 0.11, -0.07, 0.41, 40283
0.39, 0.09, 1.05, -23.11, -192.74, 85.43, 0.09, -0.07, 0.41, 40293
0.45, 0.11, 1.04, -26.83, -192.44, 94.76, 0.08, -0.07, 0.40, 40303
0.37, 0.17, 1.05, -26.28, -217.74, 104.76, 0.07, -0.07, 0.41, 40313
0.38, 0.18, 0.99, -17.38, -247.93, 111.16, 0.05, -0.07, 0.41, 40323
0.33, 0.12, 0.97, -10.61, -256.89, 112.74, 0.04, -0.07, 0.41, 40333
0.34, 0.11, 0.98, -11.04, -239.82, 107.26, 0.02, -0.06, 0.41, 40343
0.38, 0.08, 0.94, -13.48, -229.39, 100.49, 0.01, -0.06, 0.40, 40353
0.44, 0.08, 0.87, -15.43, -226.10, 88.54, -0.00, -0.06, 0.40, 40363
0.53, 0.05, 0.79, -19.94, -185.98, 79.02, -0.01, -0.06, 0.41, 40373
0.70, -0.00, 0.85, -23.23, -135.30, 79.02, -0.02, -0.06, 0.40, 40383
0.73, -0.05, 0.84, -25.43, -127.74, 85.55, -0.02, -0.05, 0.40, 40393
0.59, -0.13, 0.70, -25.91, -82.13, 82.93, -0.03, -0.05, 0.40, 40403
0.55, -0.04, 0.77, -27.56, -86.71, 67.93, -0.03, -0.04, 0.40, 40413
0.49, 0.04, 0.68, -26.59, -59.39, 58.66, -0.04, -0.04, 0.40, 40423
0.46, 0.09, 0.64, -18.90, -49.57, 45.06, -0.04, -0.05, 0.40, 40433
0.46, 0.07, 0.66, -13.05, -45.00, 30.91, -0.04, -0.04, 0.40, 40443
0.51, -0.01, 0.61, -5.24, -44.45, 18.66, -0.04, -0.04, 0.40, 40453
0.56, -0.07, 0.62, 6.95, -37.32, 14.15, -0.05, -0.04, 0.40, 40463
0.60, -0.11, 0.66, 15.73, -17.26, 11.89, -0.04, -0.04, 0.39, 40473
0.59, -0.06, 0.68, 27.62, -16.71, 12.07, -0.04, -0.05, 0.40, 40483
0.60, -0.01, 0.75, 33.84, -24.51, 13.17, -0.04, -0.05, 0.40, 40493
0.64, -0.02, 0.74, 39.57, -17.56, 9.27, -0.04, -0.05, 0.40, 40503
0.64, -0.04, 0.80, 41.22, -12.26, 10.43, -0.04, -0.05, 0.40, 40513
0.66, -0.06, 0.84, 37.80, 1.22, 11.83, -0.04, -0.05, 0.40, 40523
0.77, 0.01, 0.69, -8.90, 162.99, 90.73, -0.02, -0.04, 0.40, 40533
0.25, -0.01, 0.73, -31.52, 326.22, 131.46, -0.01, -0.04, 0.41, 40543
0.02, 0.02, 0.69, -47.50, 167.13, 142.68, 0.00, -0.03, 0.42, 40553
-0.41, 0.10, 0.28, -111.77, 194.82, 100.55, 0.00, -0.03, 0.41, 40563
-0.54, 0.04, -2.10, 20.24, -82.68, -96.40, -0.00, -0.05, 0.41, 40573
-0.11, -0.01, 0.43, 276.89, -69.51, -87.80, 0.05, -0.06, 0.41, 40583
2.97, 0.27, 5.02, 313.78, 766.83, -56.71, 0.07, -0.06, 0.41, 40593
0.81, 0.14, 2.89, -249.51, 186.77, 79.63, 0.05, -0.06, 0.41, 40603
-0.14, -0.07, 0.77, -43.66, -391.77, 81.77, 0.04, -0.05, 0.41, 40613
-0.04, -0.08, 0.43, -17.62, -35.12, 34.21, 0.05, -0.05, 0.41, 40623
0.03, -0.05, -0.01, 5.30, 200.43, 2.38, 0.06, -0.05, 0.41, 40633
0.63, -0.08, 1.47, -0.49, 210.30, 11.59, 0.06, -0.05, 0.41, 40643
0.32, -0.05, 1.38, 6.65, -48.60, 12.74, 0.05, -0.06, 0.42, 40653
0.12, -0.06, 0.94, 6.71, -122.93, 6.28, 0.05, -0.06, 0.41, 40663
0.22, -0.05, 0.87, 8.05, -77.74, -5.61, 0.05, -0.06, 0.41, 40673
0.47, -0.03, 0.94, 4.76, -75.30, -4.76, 0.04, -0.05, 0.41, 40683
0.40, -0.03, 0.73, 3.48, -22.68, -5.12, 0.04, -0.05, 0.41, 40693
0.61, -0.02, 1.08, 2.87, -11.52, -3.84, 0.04, -0.05, 0.41, 40703
0.44, -0.02, 0.83, -2.87, 11.10, -0.73, 0.04, -0.06, 0.41, 40713
0.42, -0.03, 0.83, -6.34, 20.06, 1.34, 0.04, -0.05, 0.42, 40723
0.46, -0.03, 0.89, -5.30, 43.17, 3.05, 0.05, -0.05, 0.41, 40733
0.41, -0.03, 0.90, -1.59, 42.50, 2.74, 0.05, -0.05, 0.41, 40743
0.36, -0.04, 0.98, -1.52, 23.23, 2.32, 0.05, -0.05, 0.41, 40753
0.37, -0.04, 0.98, 0.06, -4.02, 0.06, 0.05, -0.06, 0.41, 40763
0.41, -0.03, 0.90, 0.67, -24.88, -0.98, 0.05, -0.05, 0.41, 40773
0.42, -0.03, 0.91, 0.85, -27.44, -1.28, 0.04, -0.06, 0.41, 40783
0.41, -0.03, 0.90, 1.89, -26.04, -0.73, 0.04, -0.05, 0.41, 40793
0.43, -0.03, 0.90, 0.79, -15.79, -0.49, 0.04, -0.05, 0.41, 40803
0.45, -0.03, 0.86, 0.61, -6.22, 0.06, 0.04, -0.05, 0.41, 40813
0.44, -0.03, 0.88, -1.28, 8.23, 0.43, 0.04, -0.06, 0.41, 40823
0.43, -0.03, 0.90, -0.98, 19.82, 1.34, 0.05, -0.05, 0.41, 40833
0.41, -0.03, 0.92, -1.28, 21.46, 1.71, 0.05, -0.05, 0.41, 40843
0.40, -0.03, 0.93, -0.98, 14.09, 1.04, 0.05, -0.05, 0.41, 40853
0.40, -0.03, 0.92, -0.85, 1.16, 0.49, 0.04, -0.05, 0.41, 40863
0.40, -0.04, 0.93, 0.06, -6.59, -0.12, 0.04, -0.05, 0.41, 40873
0.41, -0.03, 0.91, 0.91, -11.77, -0.12, 0.05, -0.06, 0.41, 40883
0.42, -0.03, 0.91, 0.61, -13.17, -0.30, 0.05, -0.05, 0.41, 40893
0.42, -0.03, 0.90, 0.49, -11.95, -0.37, 0.04, -0.06, 0.41, 40903
0.43, -0.03, 0.90, 0.00, -5.98, -0.06, 0.04, -0.05, 0.41, 40913
0.43, -0.03, 0.89, -0.12, 2.99, 0.43, 0.04, -0.05, 0.41, 40923
0.43, -0.03, 0.89, -0.67, 8.72, 0.73, 0.05, -0.06, 0.42, 40933
0.42, -0.03, 0.91, -0.79, 10.37, 0.79, 0.05, -0.06, 0.41, 40943
0.41, -0.03, 0.92, -0.73, 7.13, 0.85, 0.05, -0.05, 0.41, 40953
0.41, -0.04, 0.92, -0.43, 2.38, 0.49, 0.04, -0.05, 0.41, 40963
0.41, -0.03, 0.91, -0.12, -2.62, 0.24, 0.04, -0.05, 0.41, 40973
0.41, -0.03, 0.92, 0.12, -6.28, 0.00, 0.04, -0.05, 0.41, 40983
0.41, -0.03, 0.91, 0.43, -7.62, -0.06, 0.05, -0.05, 0.41, 40993
0.42, -0.03, 0.90, 0.24, -6.77, 0.00, 0.05, -0.06, 0.41, 41003
0.42, -0.03, 0.90, 0.06, -3.35, 0.12, 0.05, -0.05, 0.41, 41013
0.42, -0.03, 0.90, -0.18, 0.49, 0.30, 0.04, -0.05, 0.41, 41023
0.42, -0.03, 0.90, -0.37, 3.72, 0.49, 0.04, -0.05, 0.41, 41033
0.42, -0.03, 0.91, -0.61, 4.82, 0.61, 0.05, -0.05, 0.41, 41043
0.42, -0.03, 0.91, -0.61, 3.72, 0.61, 0.05, -0.05, 0.41, 41053
0.41, -0.03, 0.91, -0.55, 1.40, 0.55, 0.05, -0.06, 0.41, 41063
0.40, -0.03, 0.90, -0.55, -1.40, 0.24, 0.05, -0.05, 0.41, 41073
0.45, -0.02, 0.95, 0.43, -1.40, 0.43, 0.04, -0.05, 0.41, 41083
0.38, -0.05, 0.88, 0.12, -9.39, -0.06, 0.04, -0.05, 0.41, 41093
0.44, -0.05, 0.93, 0.30, -4.33, 0.06, 0.05, -0.06, 0.41, 41103
0.41, -0.04, 0.88, -0.67, -0.79, -0.06, 0.04, -0.05, 0.41, 41113
0.44, -0.04, 0.92, 0.85, -0.79, 0.67, 0.05, -0.05, 0.41, 41123
0.40, -0.04, 0.90, -0.79, 2.99, 0.43, 0.04, -0.05, 0.41, 41133
0.43, -0.02, 0.91, 0.06, -1.16, 0.00, 0.04, -0.05, 0.41, 41143
0.42, -0.03, 0.90, -0.79, 2.99, 0.61, 0.04, -0.05, 0.41, 41153
0.40, -0.03, 0.89, 0.18, 1.16, 0.79, 0.05, -0.05, 0.41, 41163
0.42, -0.03, 0.93, -0.55, 1.89, 0.18, 0.05, -0.05, 0.41, 41173
0.41, -0.03, 0.90, -0.37, -1.89, 0.30, 0.04, -0.05, 0.41, 41183
0.42, -0.04, 0.92, 0.24, -2.68, 0.30, 0.04, -0.05, 0.41, 41193
0.41, -0.04, 0.90, -0.43, -2.50, 0.06, 0.04, -0.05, 0.41, 41203
0.43, -0.04, 0.91, 0.18, -3.72, 0.12, 0.05, -0.05, 0.41, 41213
0.42, -0.04, 0.90, -0.12, -0.43, 0.43, 0.05, -0.05, 0.41, 41223
0.42, -0.04, 0.91, 0.12, -0.85, 0.24, 0.05, -0.05, 0.41, 41233
0.42, -0.03, 0.91, -0.43, 1.34, 0.30, 0.05, -0.05, 0.41, 41243
0.41, -0.03, 0.90, -0.12, 0.55, 0.49, 0.04, -0.05, 0.41, 41253
0.42, -0.03, 0.92, -0.30, 1.22, 0.43, 0.04, -0.05, 0.41, 41263
0.42, -0.03, 0.90, -0.43, -0.43, 0.24, 0.05, -0.05, 0.41, 41273
0.42, -0.03, 0.91, 0.00, -1.34, 0.37, 0.05, -0.05, 0.41, 41283
0.41, -0.04, 0.91, -0.12, -0.91, 0.37, 0.05, -0.05, 0.41, 41293
0.42, -0.04, 0.90, 0.06, -2.87, 0.06, 0.04, -0.05, 0.41, 41303
0.42, -0.03, 0.91, -0.24, -0.43, 0.30, 0.04, -0.05, 0.41, 41313
0.42, -0.04, 0.90, 0.12, -1.83, 0.30, 0.05, -0.06, 0.41, 41323
0.42, -0.04, 0.91, -0.18, -0.18, 0.24, 0.05, -0.06, 0.41, 41333
0.41, -0.03, 0.90, -0.37, -0.85, 0.24, 0.05, -0.05, 0.41, 41343
0.43, -0.03, 0.92, 0.00, -0.98, 0.24, 0.05, -0.05, 0.41, 41353
0.41, -0.03, 0.90, -0.24, -2.01, 0.24, 0.04, -0.05, 0.41, 41363
0.42, -0.03, 0.91, 0.18, -2.68, 0.24, 0.04, -0.05, 0.41, 41373
0.42, -0.04, 0.91, -0.12, 0.24, 0.37, 0.05, -0.05, 0.41, 41383
0.41, -0.04, 0.90, 0.00, -1.40, 0.30, 0.05, -0.06, 0.41, 41393
0.43, -0.03, 0.92, -0.43, 0.30, 0.24, 0.05, -0.06, 0.41, 41403
0.42, -0.03, 0.90, -0.12, -2.26, 0.12, 0.04, -0.05, 0.41, 41413
0.43, -0.04, 0.91, 0.00, -2.13, 0.24, 0.04, -0.05, 0.41, 41423
0.41, -0.04, 0.90, -0.24, -0.43, 0.37, 0.04, -0.05, 0.41, 41433
0.43, -0.03, 0.91, 0.24, -0.43, 0.43, 0.05, -0.06, 0.41, 41443
0.41, -0.04, 0.91, -0.24, -0.30, 0.30, 0.04, -0.05, 0.41, 41453
0.42, -0.04, 0.91, -0.06, -1.83, 0.18, 0.04, -0.06, 0.41, 41463
0.42, -0.03, 0.91, -0.30, -0.73, 0.24, 0.04, -0.05, 0.41, 41473
0.42, -0.03, 0.90, 0.06, -1.34, 0.37, 0.04, -0.05, 0.41, 41483
0.42, -0.04, 0.91, -0.06, -0.67, 0.30, 0.04, -0.06, 0.41, 41493
0.42, -0.03, 0.91, -0.06, -1.46, 0.24, 0.05, -0.05, 0.41, 41503
0.42, -0.03, 0.91, -0.06, -1.34, 0.30, 0.05, -0.05, 0.41, 41513
0.42, -0.04, 0.90, -0.06, -0.79, 0.37, 0.04, -0.05, 0.41, 41523
0.42, -0.04, 0.91, -0.06, -0.12, 0.30, 0.04, -0.05, 0.41, 41533
0.42, -0.03, 0.91, -0.18, 0.06, 0.37, 0.04, -0.05, 0.41, 41543
0.42, -0.04, 0.90, -0.06, -0.73, 0.30, 0.04, -0.06, 0.41, 41553
0.42, -0.03, 0.91, -0.24, 0.06, 0.30, 0.05, -0.05, 0.41, 41563
0.42, -0.03, 0.91, -0.06, 0.18, 0.43, 0.04, -0.05, 0.41, 41573
0.42, -0.03, 0.91, 0.00, 0.67, 0.49, 0.04, -0.05, 0.41, 41583
0.42, -0.03, 0.90, -0.30, 0.06, 0.30, 0.04, -0.05, 0.41, 41593
0.42, -0.03, 0.91, -0.24, -0.73, 0.24, 0.04, -0.05, 0.41, 41603
0.41, -0.04, 0.90, -0.06, -2.13, 0.24, 0.05, -0.06, 0.41, 41613
0.42, -0.04, 0.91, -0.12, -0.79, 0.24, 0.05, -0.05, 0.41, 41623
0.42, -0.04, 0.90, -0.06, -0.49, 0.30, 0.05, -0.06, 0.41, 41633
0.42, -0.04, 0.91, 0.12, -0.55, 0.43, 0.04, -0.05, 0.41, 41643
0.42, -0.04, 0.90, -0.18, -0.37, 0.24, 0.04, -0.05, 0.41, 41653
0.42, -0.03, 0.91, -0.18, -0.37, 0.24, 0.05, -0.06, 0.41, 41663
0.42, -0.03, 0.90, -0.24, -0.18, 0.30, 0.05, -0.06, 0.41, 41673
0.42, -0.04, 0.91, -0.12, -0.37, 0.30, 0.05, -0.05, 0.41, 41683
0.42, -0.03, 0.91, -0.12, -1.16, 0.24, 0.04, -0.05, 0.41, 41693
0.42, -0.04, 0.91, 0.06, -1.89, 0.24, 0.04, -0.05, 0.41, 41703
0.42, -0.04, 0.91, 0.06, -1.40, 0.43, 0.04, -0.05, 0.41, 41713
0.41, -0.04, 0.90, -0.12, -2.74, 0.18, 0.04, -0.06, 0.41, 41723
0.43, -0.03, 0.91, -0.18, -1.77, 0.00, 0.04, -0.06, 0.42, 41733
0.42, -0.03, 0.90, 0.06, -2.80, 0.06, 0.04, -0.05, 0.41, 41743
0.42, -0.04, 0.91, 0.00, -1.16, 0.37, 0.04, -0.05, 0.41, 41753
0.42, -0.04, 0.90, -0.24, 1.04, 0.37, 0.04, -0.05, 0.41, 41763
0.43, -0.03, 0.91, 0.06, 0.37, 0.49, 0.04, -0.05, 0.41, 41773
0.42, -0.04, 0.90, -0.24, -0.30, 0.24, 0.05, -0.05, 0.42, 41783
0.43, -0.04, 0.91, -0.12, -0.98, 0.24, 0.04, -0.05, 0.41, 41793
0.42, -0.03, 0.90, -0.18, -1.40, 0.18, 0.04, -0.05, 0.41, 41803
0.42, -0.04, 0.90, 0.06, -1.16, 0.30, 0.04, -0.05, 0.41, 41813
0.42, -0.03, 0.91, -0.12, -0.91, 0.24, 0.04, -0.05, 0.41, 41823
0.42, -0.03, 0.91, 0.06, -1.28, 0.30, 0.04, -0.05, 0.41, 41833
0.42, -0.04, 0.90, 0.00, -0.49, 0.30, 0.05, -0.06, 0.41, 41843
0.42, -0.04, 0.91, -0.06, -0.37, 0.30, 0.04, -0.05, 0.41, 41853
0.42, -0.04, 0.91, -0.18, -0.61, 0.18, 0.04, -0.05, 0.41, 41863
0.42, -0.04, 0.90, 0.00, -1.22, 0.30, 0.04, -0.05, 0.41, 41873
0.42, -0.04, 0.91, -0.06, -1.34, 0.24, 0.04, -0.05, 0.41, 41883
0.42, -0.03, 0.91, 0.00, -1.59, 0.24, 0.04, -0.05, 0.41, 41893
0.42, -0.03, 0.90, 0.06, -1.52, 0.30, 0.05, -0.05, 0.41, 41903
0.42, -0.03, 0.90, -0.06, -1.10, 0.24, 0.04, -0.05, 0.41, 41913
0.42, -0.04, 0.91, -0.12, -0.73, 0.24, 0.04, -0.05, 0.41, 41923
0.42, -0.04, 0.90, -0.12, -0.18, 0.30, 0.04, -0.05, 0.41, 41933
0.42, -0.04, 0.91, -0.12, -0.18, 0.30, 0.04, -0.05, 0.41, 41943
0.42, -0.04, 0.90, -0.18, -0.30, 0.24, 0.05, -0.05, 0.42, 41953
0.43, -0.04, 0.91, 0.06, -0.79, 0.30, 0.04, -0.05, 0.41, 41963
0.42, -0.04, 0.90, -0.12, -0.37, 0.30, 0.04, -0.05, 0.41, 41973
0.42, -0.03, 0.91, 0.00, -0.61, 0.24, 0.04, -0.05, 0.41, 41983
0.42, -0.03, 0.91, -0.12, -0.30, 0.24, 0.04, -0.05, 0.41, 41993
0.42, -0.03, 0.90, -0.06, -0.43, 0.30, 0.04, -0.06, 0.41, 42003
0.42, -0.03, 0.91, -0.18, -0.12, 0.30, 0.04, -0.05, 0.41, 42013
0.42, -0.03, 0.90, -0.06, -0.30, 0.30, 0.04, -0.06, 0.41, 42023
0.42, -0.04, 0.91, -0.06, -0.49, 0.24, 0.04, -0.05, 0.41, 42033
0.42, -0.04, 0.90, -0.12, -0.67, 0.24, 0.04, -0.05, 0.41, 42043
0.42, -0.04, 0.90, -0.06, -0.79, 0.30, 0.04, -0.05, 0.41, 42053
0.42, -0.04, 0.90, -0.12, -0.61, 0.24, 0.04, -0.05, 0.41, 42063
0.42, -0.04, 0.90, -0.06, -0.73, 0.24, 0.04, -0.05, 0.41, 42073
0.42, -0.03, 0.90, -0.12, -0.49, 0.30, 0.04, -0.05, 0.41, 42083
0.42, -0.04, 0.90, -0.06, -0.37, 0.30, 0.04, -0.05, 0.41, 42093
0.42, -0.03, 0.90, -0.06, -0.30, 0.30, 0.04, -0.05, 0.41, 42103
0.42, -0.03, 0.91, -0.12, -0.30, 0.24, 0.04, -0.05, 0.41, 42113
0.42, -0.03, 0.91, -0.06, -0.55, 0.30, 0.04, -0.05, 0.41, 42123
0.42, -0.04, 0.91, -0.06, -0.79, 0.24, 0.05, -0.05, 0.42, 42133
0.42, -0.04, 0.91, 0.00, -1.04, 0.24, 0.04, -0.05, 0.41, 42143
0.42, -0.04, 0.91, -0.06, -1.28, 0.24, 0.04, -0.05, 0.41, 42153
0.42, -0.04, 0.90, 0.00, -1.16, 0.24, 0.04, -0.05, 0.41, 42163
0.42, -0.04, 0.90, -0.06, -0.55, 0.30, 0.05, -0.05, 0.41, 42173
0.42, -0.03, 0.90, -0.06, 0.18, 0.30, 0.04, -0.05, 0.41, 42183
0.42, -0.03, 0.90, -0.12, 0.61, 0.37, 0.04, -0.06, 0.41, 42193
0.42, -0.03, 0.90, -0.18, 0.85, 0.37, 0.04, -0.05, 0.41, 42203
0.42, -0.03, 0.91, -0.12, 0.55, 0.30, 0.04, -0.05, 0.41, 42213
0.42, -0.04, 0.91, -0.12, -0.18, 0.37, 0.04, -0.05, 0.41, 42223
0.42, -0.04, 0.90, -0.12, -0.85, 0.24, 0.04, -0.05, 0.41, 42233
0.42, -0.04, 0.91, -0.06, -1.22, 0.30, 0.05, -0.05, 0.41, 42243
0.42, -0.04, 0.90, 0.00, -1.34, 0.30, 0.04, -0.05, 0.41, 42253
0.42, -0.04, 0.90, 0.00, -1.16, 0.30, 0.04, -0.05, 0.41, 42263
0.42, -0.04, 0.90, -0.06, -0.67, 0.30, 0.04, -0.05, 0.41, 42273
0.42, -0.04, 0.90, -0.06, -0.18, 0.30, 0.04, -0.06, 0.41, 42283
0.42, -0.04, 0.90, -0.12, 0.12, 0.30, 0.04, -0.06, 0.42, 42293
0.42, -0.03, 0.90, -0.12, 0.12, 0.30, 0.04, -0.05, 0.41, 42303
0.42, -0.03, 0.90, -0.12, 0.12, 0.37, 0.04, -0.05, 0.41, 42313
0.42, -0.04, 0.90, -0.12, 0.18, 0.37, 0.04, -0.05, 0.41, 42323
0.42, -0.04, 0.91, -0.06, -0.18, 0.30, 0.04, -0.05, 0.41, 42333
0.42, -0.04, 0.91, -0.12, -0.73, 0.30, 0.04, -0.05, 0.41, 42343
0.42, -0.04, 0.91, -0.12, -1.22, 0.24, 0.04, -0.05, 0.41, 42353
0.42, -0.04, 0.90, 0.00, -1.28, 0.24, 0.04, -0.05, 0.41, 42363
0.42, -0.04, 0.90, -0.06, -1.04, 0.24, 0.04, -0.05, 0.41, 42373
0.42, -0.04, 0.90, -0.06, -0.67, 0.30, 0.04, -0.05, 0.41, 42383
0.42, -0.04, 0.90, -0.06, -0.24, 0.37, 0.04, -0.05, 0.41, 42393
0.42, -0.03, 0.90, -0.12, -0.06, 0.30, 0.05, -0.05, 0.41, 42403
0.42, -0.04, 0.90, -0.12, -0.12, 0.30, 0.04, -0.05, 0.41, 42413
0.42, -0.04, 0.90, -0.12, -0.06, 0.30, 0.04, -0.05, 0.41, 42423
0.42, -0.04, 0.90, -0.06, -0.37, 0.30, 0.04, -0.05, 0.41, 42433
0.42, -0.04, 0.91, -0.06, -1.10, 0.24, 0.04, -0.05, 0.41, 42443
0.42, -0.04, 0.90, 0.00, -1.46, 0.24, 0.04, -0.05, 0.41, 42453
0.42, -0.04, 0.90, 0.00, -1.34, 0.24, 0.04, -0.05, 0.41, 42463
0.42, -0.03, 0.90, -0.06, -0.79, 0.24, 0.04, -0.05, 0.42, 42473
0.42, -0.04, 0.90, -0.06, -0.49, 0.24, 0.04, -0.05, 0.41, 42483
0.42, -0.04, 0.90, -0.12, -0.30, 0.30, 0.04, -0.05, 0.41, 42493
0.42, -0.04, 0.91, -0.12, -0.06, 0.30, 0.04, -0.05, 0.41, 42503
0.42, -0.04, 0.90, -0.12, -0.30, 0.30, 0.04, -0.05, 0.42, 42513
0.42, -0.04, 0.90, -0.06, -0.61, 0.24, 0.04, -0.05, 0.41, 42523
0.42, -0.04, 0.90, -0.06, -1.04, 0.24, 0.04, -0.05, 0.41, 42533
0.42, -0.04, 0.90, 0.00, -1.22, 0.30, 0.04, -0.05, 0.41, 42543
0.42, -0.04, 0.90, 0.00, -0.79, 0.30, 0.04, -0.05, 0.41, 42553
0.42, -0.04, 0.90, 0.00, -0.55, 0.30, 0.04, -0.05, 0.41, 42563
0.42, -0.03, 0.90, -0.18, -0.12, 0.30, 0.04, -0.06, 0.41, 42573
0.42, -0.04, 0.90, -0.18, 0.24, 0.37, 0.05, -0.05, 0.41, 42583
0.42, -0.04, 0.90, -0.12, 0.00, 0.30, 0.04, -0.05, 0.41, 42593
0.42, -0.04, 0.90, -0.06, -0.37, 0.30, 0.04, -0.05, 0.41, 42603
0.42, -0.04, 0.90, -0.06, -1.04, 0.24, 0.04, -0.05, 0.41, 42613
0.42, -0.03, 0.90, -0.06, -1.16, 0.30, 0.04, -0.05, 0.41, 42623
0.42, -0.03, 0.90, -0.06, -0.79, 0.30, 0.05, -0.05, 0.41, 42633
0.42, -0.04, 0.91, -0.06, -0.55, 0.30, 0.04, -0.06, 0.41, 42643
0.42, -0.04, 0.90, -0.12, -0.55, 0.24, 0.04, -0.05, 0.40, 42653
0.42, -0.04, 0.90, -0.06, -0.67, 0.30, 0.04, -0.05, 0.41, 42663
0.42, -0.04, 0.90, -0.12, -0.61, 0.30, 0.04, -0.05, 0.41, 42673
0.42, -0.04, 0.90, -0.12, -0.67, 0.30, 0.04, -0.05, 0.41, 42683
0.42, -0.04, 0.90, -0.06, -0.55, 0.30, 0.04, -0.05, 0.41, 42693
0.42, -0.04, 0.90, -0.06, -0.49, 0.24, 0.04, -0.05, 0.41, 42703
0.42, -0.03, 0.90, -0.12, -0.37, 0.30, 0.04, -0.05, 0.41, 42713
0.42, -0.03, 0.90, -0.12, -0.67, 0.18, 0.04, -0.05, 0.41, 42723
0.42, -0.04, 0.91, -0.24, 0.24, 0.43, 0.04, -0.05, 0.41, 42733
0.43, -0.04, 0.90, 0.24, -1.59, 0.24, 0.04, -0.05, 0.41, 42743
0.42, -0.04, 0.90, -0.49, 0.18, 0.18, 0.04, -0.05, 0.41, 42753
0.43, -0.04, 0.90, 0.24, -1.52, 0.24, 0.04, -0.05, 0.41, 42763
0.42, -0.04, 0.90, -0.12, 0.12, 0.30, 0.04, -0.05, 0.40, 42773
0.42, -0.03, 0.90, -0.06, -0.73, 0.18, 0.04, -0.05, 0.41, 42783
0.43, -0.03, 0.91, -0.12, 0.12, 0.37, 0.04, -0.05, 0.41, 42793
0.42, -0.03, 0.90, -0.12, -0.37, 0.30, 0.04, -0.05, 0.41, 42803
0.43, -0.03, 0.91, -0.18, -0.30, 0.30, 0.04, -0.05, 0.41, 42813
0.42, -0.04, 0.90, -0.12, -0.67, 0.30, 0.04, -0.05, 0.41, 42823
0.42, -0.04, 0.90, 0.00, -0.61, 0.30, 0.04, -0.05, 0.41, 42833
0.42, -0.04, 0.90, -0.12, -0.24, 0.24, 0.04, -0.05, 0.41, 42843
0.42, -0.04, 0.91, 0.00, -0.61, 0.30, 0.04, -0.05, 0.41, 42853
0.42, -0.04, 0.90, -0.12, -0.24, 0.30, 0.04, -0.06, 0.41, 42863
0.42, -0.04, 0.90, 0.06, -0.37, 0.30, 0.04, -0.05, 0.41, 42873
0.42, -0.04, 0.90, -0.24, -0.30, 0.30, 0.04, -0.05, 0.41, 42883
0.43, -0.04, 0.90, -0.06, -0.85, 0.30, 0.04, -0.05, 0.41, 42893
0.42, -0.04, 0.90, -0.06, -0.18, 0.37, 0.04, -0.05, 0.41, 42903
0.42, -0.04, 0.90, 0.00, -0.73, 0.30, 0.04, -0.05, 0.41, 42913
0.42, -0.04, 0.90, -0.06, -0.18, 0.37, 0.04, -0.05, 0.41, 42923
0.42, -0.04, 0.90, -0.06, -0.24, 0.37, 0.04, -0.05, 0.41, 42933
0.42, -0.04, 0.91, -0.12, -0.43, 0.30, 0.04, -0.05, 0.41, 42943
0.42, -0.04, 0.90, -0.18, -0.24, 0.30, 0.04, -0.05, 0.41, 42953
0.42, -0.04, 0.90, -0.06, -0.67, 0.24, 0.04, -0.05, 0.41, 42963
0.42, -0.04, 0.90, -0.12, -0.49, 0.30, 0.04, -0.05, 0.41, 42973
0.43, -0.04, 0.90, 0.00, -0.55, 0.30, 0.04, -0.05, 0.41, 42983
0.42, -0.04, 0.90, 0.00, -0.37, 0.30, 0.04, -0.05, 0.41, 42993
0.42, -0.04, 0.90, -0.12, -0.30, 0.30, 0.04, -0.05, 0.41, 43003
0.42, -0.04, 0.90, -0.06, -0.30, 0.30, 0.04, -0.05, 0.41, 43013
0.42, -0.04, 0.90, -0.12, -0.37, 0.30, 0.04, -0.06, 0.41, 43023
0.42, -0.04, 0.90, -0.06, -0.43, 0.30, 0.04, -0.05, 0.41, 43033
0.42, -0.04, 0.90, -0.06, -0.55, 0.24, 0.04, -0.05, 0.41, 43043
0.42, -0.04, 0.90, -0.06, -0.55, 0.30, 0.04, -0.05, 0.41, 43053
0.42, -0.04, 0.90, -0.06, -0.43, 0.37, 0.04, -0.05, 0.41, 43063
0.42, -0.04, 0.90, 0.00, -0.49, 0.24, 0.04, -0.05, 0.41, 43073
0.42, -0.04, 0.90, -0.06, -0.30, 0.37, 0.04, -0.05, 0.41, 43083
0.42, -0.04, 0.90, -0.18, -0.61, 0.30, 0.04, -0.05, 0.41, 43093
0.43, -0.03, 0.90, -0.06, -0.30, 0.30, 0.04, -0.05, 0.41, 43103
0.42, -0.04, 0.90, -0.12, -0.55, 0.24, 0.04, -0.05, 0.41, 43113
0.42, -0.03, 0.90, -0.12, -0.43, 0.30, 0.04, -0.05, 0.41, 43123
0.42, -0.04, 0.90, -0.06, -0.37, 0.30, 0.04, -0.05, 0.41, 43133
0.42, -0.04, 0.90, -0.06, -0.55, 0.24, 0.05, -0.05, 0.41, 43143
0.42, -0.04, 0.90, -0.12, -0.37, 0.30, 0.04, -0.05, 0.41, 43153
0.43, -0.04, 0.91, 0.00, -0.37, 0.30, 0.04, -0.05, 0.41, 43163
0.42, -0.04, 0.90, -0.12, -0.67, 0.18, 0.04, -0.05, 0.41, 43173
0.43, -0.04, 0.91, 0.06, -0.37, 0.37, 0.04, -0.06, 0.41, 43183
0.42, -0.04, 0.90, -0.06, -0.55, 0.30, 0.04, -0.05, 0.41, 43193
0.42, -0.04, 0.90, -0.12, -0.43, 0.24, 0.04, -0.06, 0.41, 43203
0.42, -0.03, 0.90, -0.06, -0.06, 0.37, 0.04, -0.05, 0.41, 43213
0.42, -0.04, 0.90, -0.12, -0.61, 0.24, 0.04, -0.05, 0.41, 43223
0.42, -0.04, 0.90, -0.12, -0.06, 0.30, 0.04, -0.05, 0.41, 43233
0.42, -0.04, 0.90, -0.12, -0.55, 0.24, 0.04, -0.05, 0.41, 43243
0.43, -0.04, 0.90, 0.00, -0.37, 0.30, 0.04, -0.05, 0.41, 43253
0.42, -0.04, 0.90, -0.06, -0.67, 0.30, 0.04, -0.05, 0.41, 43263
0.43, -0.04, 0.90, 0.06, -0.37, 0.43, 0.04, -0.05, 0.41, 43273
0.42, -0.04, 0.90, -0.18, -0.43, 0.24, 0.04, -0.05, 0.41, 43283
0.42, -0.04, 0.90, -0.12, -0.24, 0.30, 0.04, -0.05, 0.41, 43293
0.42, -0.04, 0.90, -0.18, -0.06, 0.30, 0.04, -0.05, 0.41, 43303
0.42, -0.03, 0.90, -0.12, -0.61, 0.24, 0.04, -0.05, 0.41, 43313
0.42, -0.04, 0.91, -0.12, -0.12, 0.37, 0.04, -0.05, 0.41, 43323
0.42, -0.04, 0.90, -0.06, -0.73, 0.24, 0.04, -0.05, 0.41, 43333
0.42, -0.04, 0.90, 0.00, -0.43, 0.30, 0.04, -0.05, 0.41, 43343
0.42, -0.04, 0.90, -0.06, -0.49, 0.30, 0.04, -0.05, 0.41, 43353
0.42, -0.04, 0.90, -0.06, -0.37, 0.30, 0.05, -0.05, 0.41, 43363
0.42, -0.04, 0.90, -0.12, -0.24, 0.30, 0.04, -0.05, 0.41, 43373
0.42, -0.03, 0.90, -0.06, -0.49, 0.24, 0.04, -0.05, 0.41, 43383
0.42, -0.04, 0.90, -0.06, -0.43, 0.30, 0.04, -0.05, 0.41, 43393
0.43, -0.04, 0.90, -0.06, -0.61, 0.30, 0.04, -0.05, 0.41, 43403
0.42, -0.04, 0.90, -0.12, -0.55, 0.24, 0.04, -0.05, 0.41, 43413
0.43, -0.04, 0.90, 0.06, -0.30, 0.30, 0.04, -0.05, 0.41, 43423
0.42, -0.04, 0.90, -0.06, -0.49, 0.24, 0.04, -0.05, 0.41, 43433
0.42, -0.04, 0.90, 0.00, -0.30, 0.30, 0.04, -0.05, 0.41, 43443
0.42, -0.04, 0.90, -0.12, -0.37, 0.24, 0.04, -0.05, 0.41, 43453
0.42, -0.04, 0.90, -0.06, -0.55, 0.30, 0.04, -0.05, 0.41, 43463
0.42, -0.04, 0.91, 0.00, -0.37, 0.37, 0.04, -0.05, 0.41, 43473
0.43, -0.04, 0.90, 0.00, -0.55, 0.24, 0.04, -0.06, 0.41, 43483
0.42, -0.04, 0.91, -0.06, -0.49, 0.30, 0.04, -0.05, 0.41, 43493
0.42, -0.04, 0.90, 0.12, -0.30, 0.37, 0.04, -0.05, 0.41, 43503
0.42, -0.04, 0.90, -0.12, -0.37, 0.30, 0.04, -0.05, 0.41, 43513
0.42, -0.04, 0.91, -0.18, -0.24, 0.30, 0.05, -0.05, 0.41, 43523
0.42, -0.04, 0.90, -0.12, -0.37, 0.30, 0.04, -0.05, 0.41, 43533
0.42, -0.04, 0.90, -0.12, -0.49, 0.30, 0.04, -0.05, 0.41, 43543
0.42, -0.04, 0.90, -0.06, -0.43, 0.30, 0.04, -0.05, 0.41, 43553
0.42, -0.04, 0.90, 0.00, -0.43, 0.30, 0.04, -0.05, 0.41, 43563
0.42, -0.04, 0.90, -0.12, -0.49, 0.30, 0.04, -0.05, 0.41, 43573
0.42, -0.04, 0.90, -0.06, -0.37, 0.30, 0.05, -0.05, 0.41, 43583
0.42, -0.04, 0.90, -0.12, -0.43, 0.24, 0.04, -0.05, 0.41, 43593
0.42, -0.04, 0.90, -0.06, -0.37, 0.24, 0.04, -0.05, 0.41, 43603
0.42, -0.04, 0.90, -0.12, -0.37, 0.24, 0.04, -0.05, 0.41, 43613
0.42, -0.04, 0.90, -0.06, -0.37, 0.24, 0.04, -0.05, 0.41, 43623
0.42, -0.04, 0.90, -0.06, -0.49, 0.30, 0.04, -0.05, 0.41, 43633
0.42, -0.04, 0.90, -0.06, -0.43, 0.24, 0.04, -0.05, 0.41, 43643
0.42, -0.04, 0.90, 0.00, -0.43, 0.30, 0.04, -0.05, 0.41, 43653
0.42, -0.04, 0.90, -0.06, -0.43, 0.24, 0.04, -0.05, 0.41, 43663
0.42, -0.04, 0.90, 0.00, -0.37, 0.30, 0.04, -0.05, 0.41, 43673
0.42, -0.04, 0.90, -0.12, -0.43, 0.30, 0.04, -0.05, 0.41, 43683
0.42, -0.04, 0.90, -0.06, -0.37, 0.30, 0.04, -0.05, 0.41, 43693
0.42, -0.04, 0.90, -0.06, -0.43, 0.24, 0.04, -0.05, 0.41, 43703
0.42, -0.04, 0.90, -0.06, -0.43, 0.30, 0.04, -0.05, 0.41, 43713
0.43, -0.03, 0.91, 0.12, -0.24, 0.37, 0.04, -0.05, 0.41, 43723
0.42, -0.04, 0.89, -0.30, -0.49, 0.18, 0.04, -0.05, 0.41, 43733
0.42, -0.04, 0.92, 0.06, -0.37, 0.49, 0.04, -0.06, 0.41, 43743
0.43, -0.04, 0.88, -0.18, -0.24, 0.12, 0.04, -0.05, 0.42, 43753
0.42, -0.04, 0.91, -0.12, -0.43, 0.30, 0.04, -0.05, 0.41, 43763
0.42, -0.04, 0.90, -0.06, -0.43, 0.30, 0.04, -0.05, 0.41, 43773
0.43, -0.04, 0.90, 0.06, -0.24, 0.30, 0.04, -0.05, 0.41, 43783
0.42, -0.04, 0.91, -0.24, -0.55, 0.18, 0.04, -0.05, 0.41, 43793
0.42, -0.04, 0.91, 0.18, -0.30, 0.43, 0.04, -0.05, 0.41, 43803
0.43, -0.03, 0.90, -0.18, -0.43, 0.24, 0.04, -0.06, 0.41, 43813
0.42, -0.04, 0.90, -0.18, -0.49, 0.24, 0.04, -0.05, 0.41, 43823
0.43, -0.04, 0.91, 0.06, -0.43, 0.37, 0.04, -0.05, 0.41, 43833
0.42, -0.04, 0.90, -0.12, -0.43, 0.30, 0.04, -0.05, 0.41, 43843
0.42, -0.04, 0.91, 0.00, -0.49, 0.30, 0.04, -0.05, 0.41, 43853
0.42, -0.04, 0.90, -0.06, -0.43, 0.24, 0.05, -0.05, 0.41, 43863
0.42, -0.04, 0.90, 0.00, -0.37, 0.30, 0.04, -0.05, 0.41, 43873
0.42, -0.04, 0.90, -0.06, -0.49, 0.18, 0.04, -0.05, 0.41, 43883
0.42, -0.04, 0.90, 0.00, -0.43, 0.30, 0.04, -0.05, 0.41, 43893
0.42, -0.04, 0.90, 0.00, -0.49, 0.30, 0.04, -0.05, 0.41, 43903
0.42, -0.03, 0.90, 0.00, -0.49, 0.24, 0.04, -0.05, 0.41, 43913
0.42, -0.03, 0.90, -0.06, -0.43, 0.24, 0.04, -0.05, 0.41, 43923
0.42, -0.04, 0.90, -0.06, -0.37, 0.24, 0.04, -0.05, 0.41, 43933
0.42, -0.04, 0.90, -0.06, -0.43, 0.30, 0.04, -0.05, 0.41, 43943
0.42, -0.04, 0.90, -0.06, -0.49, 0.24, 0.04, -0.05, 0.41, 43953
0.42, -0.04, 0.90, 0.00, -0.43, 0.24, 0.04, -0.05, 0.41, 43963
0.42, -0.04, 0.90, -0.06, -0.43, 0.30, 0.04, -0.05, 0.41, 43973
0.42, -0.04, 0.90, -0.06, -0.43, 0.30, 0.04, -0.05, 0.41, 43983
0.42, -0.04, 0.90, 0.00, -0.43, 0.24, 0.04, -0.05, 0.41, 43993
0.42, -0.04, 0.90, -0.06, -0.43, 0.24, 0.04, -0.05, 0.41, 44003
0.42, -0.04, 0.90, -0.06, -0.43, 0.24, 0.04, -0.05, 0.41, 44013
0.42, -0.04, 0.90, -0.06, -0.43, 0.30, 0.04, -0.05, 0.41, 44023
0.42, -0.04, 0.90, 0.00, -0.43, 0.30, 0.04, -0.05, 0.41, 44033
0.42, -0.04, 0.90, -0.06, -0.43, 0.30, 0.04, -0.05, 0.41, 44043
0.42, -0.04, 0.90, 0.00, -0.49, 0.30, 0.04, -0.06, 0.42, 44053
0.42, -0.04, 0.90, 0.00, -0.43, 0.24, 0.04, -0.05, 0.41, 44063
0.42, -0.04, 0.90, -0.06, -0.43, 0.30, 0.04, -0.05, 0.41, 44073
0.43, -0.04, 0.90, 0.00, -0.37, 0.30, 0.05, -0.05, 0.41, 44083
0.42, -0.04, 0.90, -0.06, -0.55, 0.24, 0.05, -0.05, 0.41, 44093
0.42, -0.04, 0.90, 0.00, -0.43, 0.37, 0.04, -0.06, 0.41, 44103
0.42, -0.04, 0.90, -0.12, -0.37, 0.24, 0.04, -0.05, 0.41, 44113
0.42, -0.04, 0.90, -0.06, -0.43, 0.24, 0.04, -0.05, 0.41, 44123
0.42, -0.04, 0.90, -0.12, -0.43, 0.24, 0.04, -0.05, 0.41, 44133
0.42, -0.04, 0.90, 0.00, -0.37, 0.30, 0.04, -0.05, 0.41, 44143
0.42, -0.04, 0.90, -0.12, -0.43, 0.24, 0.04, -0.05, 0.41, 44153
0.42, -0.04, 0.90, 0.00, -0.49, 0.24, 0.04, -0.05, 0.41, 44163
0.42, -0.04, 0.90, -0.06, -0.43, 0.24, 0.04, -0.05, 0.41, 44173
0.42, -0.04, 0.90, -0.06, -0.37, 0.30, 0.04, -0.05, 0.41, 44183
0.42, -0.04, 0.91, 0.00, -0.37, 0.30, 0.04, -0.05, 0.41, 44193
0.42, -0.04, 0.90, -0.18, -0.49, 0.24, 0.05, -0.05, 0.41, 44203
0.42, -0.04, 0.91, 0.00, -0.37, 0.30, 0.04, -0.05, 0.41, 44213
0.42, -0.04, 0.90, -0.18, -0.37, 0.24, 0.04, -0.05, 0.41, 44223
0.42, -0.04, 0.91, -0.06, -0.43, 0.30, 0.04, -0.05, 0.41, 44233
0.42, -0.04, 0.90, -0.12, -0.43, 0.24, 0.04, -0.05, 0.41, 44243
0.42, -0.04, 0.90, -0.06, -0.37, 0.30, 0.04, -0.05, 0.41, 44253
0.42, -0.04, 0.91, -0.12, -0.43, 0.24, 0.04, -0.05, 0.41, 44263
0.42, -0.04, 0.90, 0.00, -0.37, 0.30, 0.04, -0.05, 0.41, 44273
0.42, -0.04, 0.90, -0.06, -0.49, 0.24, 0.04, -0.05, 0.41, 44283
0.42, -0.04, 0.90, 0.00, -0.43, 0.24, 0.04, -0.05, 0.41, 44293
0.42, -0.04, 0.91, 0.00, -0.43, 0.30, 0.04, -0.05, 0.41, 44303
0.42, -0.04, 0.90, -0.06, -0.43, 0.30, 0.04, -0.05, 0.41, 44313
0.42, -0.04, 0.91, -0.06, -0.49, 0.30, 0.04, -0.05, 0.41, 44323
0.42, -0.04, 0.90, 0.00, -0.49, 0.24, 0.04, -0.05, 0.41, 44333
0.42, -0.04, 0.90, -0.06, -0.43, 0.30, 0.04, -0.05, 0.41, 44343
0.42, -0.04, 0.90, -0.06, -0.49, 0.24, 0.04, -0.05, 0.41, 44353
0.42, -0.04, 0.90, -0.12, -0.37, 0.24, 0.04, -0.05, 0.41, 44363
0.42, -0.04, 0.91, 0.00, -0.43, 0.30, 0.04, -0.05, 0.41, 44373
0.42, -0.04, 0.90, 0.00, -0.43, 0.24, 0.04, -0.05, 0.41, 44383
0.42, -0.04, 0.90, 0.00, -0.43, 0.30, 0.04, -0.05, 0.41, 44393
0.42, -0.04, 0.90, -0.06, -0.49, 0.30, 0.04, -0.05, 0.41, 44403
0.42, -0.04, 0.90, -0.06, -0.43, 0.30, 0.04, -0.05, 0.41, 44413
0.42, -0.04, 0.90, 0.00, -0.43, 0.30, 0.04, -0.05, 0.41, 44423
0.42, -0.04, 0.90, -0.12, -0.43, 0.24, 0.05, -0.05, 0.41, 44433
0.42, -0.04, 0.90, 0.00, -0.43, 0.30, 0.05, -0.05, 0.41, 44443
0.42, -0.04, 0.90, -0.06, -0.37, 0.30, 0.04, -0.05, 0.41, 44453
0.42, -0.04, 0.91, 0.00, -0.43, 0.30, 0.04, -0.05, 0.41, 44463
0.42, -0.04, 0.90, -0.06, -0.43, 0.30, 0.04, -0.05, 0.41, 44473
0.42, -0.04, 0.90, -0.06, -0.37, 0.24, 0.04, -0.05, 0.41, 44483
0.42, -0.04, 0.90, -0.12, -0.43, 0.30, 0.04, -0.06, 0.41, 44493
0.42, -0.04, 0.91, 0.00, -0.49, 0.24, 0.04, -0.05, 0.41, 44503
0.42, -0.04, 0.90, 0.00, -0.43, 0.24, 0.04, -0.05, 0.41, 44513
0.42, -0.04, 0.90, -0.06, -0.43, 0.30, 0.04, -0.05, 0.41, 44523
0.42, -0.04, 0.90, -0.06, -0.37, 0.24, 0.04, -0.05, 0.41, 44533
0.42, -0.04, 0.91, -0.12, -0.49, 0.30, 0.04, -0.06, 0.41, 44543
0.42, -0.04, 0.90, -0.06, -0.30, 0.30, 0.05, -0.05, 0.41, 44553
0.42, -0.04, 0.91, -0.18, -0.37, 0.24, 0.04, -0.05, 0.41, 44563
0.42, -0.04, 0.90, 0.00, -0.43, 0.30, 0.04, -0.05, 0.41, 44573
0.42, -0.04, 0.91, -0.06, -0.49, 0.24, 0.04, -0.05, 0.41, 44583
0.42, -0.04, 0.90, -0.06, -0.49, 0.30, 0.04, -0.05, 0.41, 44593
0.42, -0.04, 0.91, 0.00, -0.43, 0.30, 0.05, -0.05, 0.41, 44603
0.42, -0.04, 0.90, 0.00, -0.37, 0.30, 0.04, -0.05, 0.41, 44613
0.42, -0.04, 0.91, -0.12, -0.43, 0.24, 0.04, -0.05, 0.41, 44623
0.42, -0.04, 0.90, -0.06, -0.43, 0.24, 0.04, -0.05, 0.41, 44633
0.42, -0.04, 0.90, -0.06, -0.43, 0.30, 0.04, -0.05, 0.41, 44643
0.42, -0.04, 0.91, -0.06, -0.49, 0.30, 0.04, -0.06, 0.41, 44653
0.42, -0.04, 0.90, 0.00, -0.43, 0.30, 0.05, -0.05, 0.41, 44663
0.42, -0.04, 0.91, 0.00, -0.43, 0.30, 0.04, -0.05, 0.41, 44673
0.42, -0.04, 0.90, -0.06, -0.43, 0.30, 0.04, -0.05, 0.41, 44683
0.42, -0.04, 0.91, 0.00, -0.43, 0.24, 0.04, -0.05, 0.41, 44693
0.42, -0.04, 0.90, -0.30, -0.49, 0.18, 0.04, -0.06, 0.41, 44703
0.43, -0.04, 0.91, 0.18, -0.37, 0.37, 0.04, -0.05, 0.42, 44713
0.42, -0.04, 0.90, -0.24, -0.49, 0.12, 0.04, -0.05, 0.41, 44723
0.42, -0.04, 0.91, 0.12, -0.49, 0.30, 0.04, -0.05, 0.41, 44733
0.42, -0.04, 0.91, -0.06, -0.43, 0.24, 0.04, -0.05, 0.41, 44743
0.42, -0.04, 0.90, 0.00, -0.43, 0.30, 0.04, -0.05, 0.41, 44753
0.42, -0.04, 0.91, -0.06, -0.37, 0.30, 0.04, -0.05, 0.41, 44763
0.42, -0.04, 0.90, -0.06, -0.37, 0.30, 0.04, -0.05, 0.41, 44773
0.42, -0.04, 0.91, 0.00, -0.43, 0.30, 0.04, -0.05, 0.41, 44783
0.42, -0.04, 0.90, -0.12, -0.49, 0.24, 0.04, -0.05, 0.41, 44793
0.42, -0.04, 0.90, 0.00, -0.49, 0.30, 0.04, -0.05, 0.41, 44803
0.42, -0.04, 0.91, -0.12, -0.49, 0.24, 0.04, -0.05, 0.41, 44813
0.42, -0.04, 0.90, 0.06, -0.37, 0.30, 0.04, -0.05, 0.41, 44823
0.42, -0.04, 0.91, -0.18, -0.49, 0.24, 0.04, -0.05, 0.41, 44833
0.42, -0.04, 0.90, 0.00, -0.43, 0.30, 0.04, -0.05, 0.41, 44843
0.42, -0.04, 0.91, -0.06, -0.43, 0.24, 0.04, -0.05, 0.41, 44853
0.42, -0.04, 0.90, -0.12, -0.49, 0.24, 0.04, -0.05, 0.41, 44863
0.42, -0.04, 0.91, 0.00, -0.43, 0.30, 0.04, -0.05, 0.41, 44873
0.42, -0.04, 0.90, -0.12, -0.49, 0.30, 0.04, -0.05, 0.41, 44883
0.42, -0.04, 0.90, 0.00, -0.43, 0.24, 0.04, -0.06, 0.41, 44893
0.42, -0.04, 0.91, -0.12, -0.49, 0.24, 0.04, -0.05, 0.41, 44903
0.42, -0.04, 0.90, 0.00, -0.37, 0.30, 0.04, -0.05, 0.41, 44913
0.42, -0.04, 0.91, -0.06, -0.43, 0.24, 0.04, -0.05, 0.41, 44923
0.42, -0.04, 0.90, 0.00, -0.43, 0.24, 0.04, -0.05, 0.41, 44933
0.42, -0.04, 0.91, -0.06, -0.49, 0.30, 0.04, -0.05, 0.41, 44943
0.42, -0.04, 0.90, 0.06, -0.43, 0.30, 0.04, -0.05, 0.41, 44953
0.42, -0.04, 0.90, 0.00, -0.43, 0.30, 0.04, -0.05, 0.41, 44963
0.42, -0.04, 0.90, -0.06, -0.43, 0.24, 0.04, -0.05, 0.41, 44973
0.42, -0.04, 0.91, -0.06, -0.43, 0.24, 0.05, -0.05, 0.41, 44983
0.42, -0.04, 0.90, -0.06, -0.43, 0.24, 0.05, -0.05, 0.41, 44993
0.42, -0.04, 0.90, -0.06, -0.43, 0.24, 0.04, -0.05, 0.41, 45003
0.42, -0.04, 0.90, 0.00, -0.49, 0.30, 0.04, -0.05, 0.41, 45013
0.42, -0.04, 0.90, 0.00, -0.43, 0.30, 0.04, -0.05, 0.41, 45023
0.42, -0.04, 0.91, -0.06, -0.43, 0.30, 0.04, -0.05, 0.41, 45033
0.42, -0.04, 0.90, -0.06, -0.43, 0.24, 0.05, -0.05, 0.41, 45043
0.42, -0.04, 0.90, -0.06, -0.43, 0.30, 0.05, -0.05, 0.41, 45053
0.42, -0.04, 0.91, 0.00, -0.43, 0.24, 0.04, -0.05, 0.41, 45063
0.42, -0.04, 0.90, -0.06, -0.49, 0.30, 0.04, -0.05, 0.41, 45073
0.42, -0.04, 0.91, -0.06, -0.43, 0.24, 0.04, -0.05, 0.41, 45083
0.42, -0.04, 0.91, 0.00, -0.43, 0.30, 0.04, -0.05, 0.41, 45093
0.42, -0.04, 0.91, -0.06, -0.43, 0.24, 0.04, -0.05, 0.41, 45103
0.42, -0.04, 0.90, 0.00, -0.43, 0.24, 0.04, -0.05, 0.41, 45113
0.42, -0.04, 0.90, 0.00, -0.43, 0.30, 0.04, -0.05, 0.41, 45123
0.42, -0.04, 0.90, 0.00, -0.43, 0.24, 0.04, -0.05, 0.41, 45133
0.42, -0.04, 0.90, -0.06, -0.43, 0.30, 0.04, -0.05, 0.41, 45143
0.42, -0.04, 0.91, -0.06, -0.43, 0.30, 0.04, -0.05, 0.41, 45153
0.42, -0.04, 0.90, -0.06, -0.37, 0.30, 0.04, -0.05, 0.41, 45163
0.42, -0.04, 0.90, -0.06, -0.49, 0.24, 0.05, -0.05, 0.41, 45173
0.42, -0.04, 0.90, -0.06, -0.43, 0.24, 0.04, -0.05, 0.41, 45183
0.42, -0.04, 0.90, -0.06, -0.43, 0.30, 0.04, -0.05, 0.41, 45193
0.42, -0.04, 0.90, -0.06, -0.43, 0.24, 0.04, -0.05, 0.41, 45203
0.42, -0.04, 0.90, 0.00, -0.43, 0.24, 0.05, -0.05, 0.41, 45213
0.42, -0.04, 0.91, 0.00, -0.43, 0.30, 0.04, -0.05, 0.41, 45223
0.42, -0.04, 0.90, 0.00, -0.43, 0.30, 0.04, -0.06, 0.41, 45233
0.42, -0.04, 0.91, -0.06, -0.43, 0.24, 0.04, -0.05, 0.41, 45243
0.42, -0.04, 0.90, 0.00, -0.43, 0.30, 0.04, -0.05, 0.41, 45253
0.42, -0.04, 0.90, -0.06, -0.43, 0.30, 0.04, -0.05, 0.41, 45263
0.42, -0.04, 0.91, -0.06, -0.43, 0.30, 0.04, -0.05, 0.41, 45273
0.42, -0.04, 0.91, 0.00, -0.43, 0.30, 0.04, -0.05, 0.41, 45283
0.42, -0.04, 0.90, -0.06, -0.43, 0.24, 0.04, -0.05, 0.41, 45293
0.42, -0.04, 0.90, -0.06, -0.43, 0.24, 0.04, -0.05, 0.41, 45303
0.42, -0.04, 0.91, 0.00, -0.43, 0.30, 0.04, -0.05, 0.41, 45313
0.42, -0.04, 0.91, 0.00, -0.43, 0.24, 0.04, -0.05, 0.41, 45323
0.42, -0.04, 0.90, 0.00, -0.43, 0.24, 0.05, -0.05, 0.41, 45333
0.42, -0.04, 0.90, 0.00, -0.43, 0.24, 0.04, -0.05, 0.41, 45343
0.42, -0.04, 0.91, -0.06, -0.43, 0.24, 0.04, -0.05, 0.41, 45353
0.42, -0.04, 0.91, -0.06, -0.43, 0.30, 0.04, -0.05, 0.41, 45363
0.42, -0.04, 0.91, -0.06, -0.43, 0.24, 0.04, -0.05, 0.41, 45373
0.42, -0.04, 0.91, -0.06, -0.43, 0.30, 0.04, -0.05, 0.41, 45383
0.42, -0.04, 0.90, -0.06, -0.43, 0.24, 0.05, -0.05, 0.41, 45393
0.42, -0.04, 0.90, -0.06, -0.43, 0.24, 0.04, -0.05, 0.41, 45403
0.42, -0.04, 0.90, -0.06, -0.43, 0.24, 0.04, -0.05, 0.41, 45413
0.42, -0.04, 0.91, 0.00, -0.43, 0.24, 0.04, -0.05, 0.41, 45423
0.42, -0.04, 0.91, 0.00, -0.43, 0.24, 0.04, -0.05, 0.41, 45433
0.42, -0.04, 0.91, -0.12, -0.43, 0.30, 0.05, -0.05, 0.41, 45443
0.42, -0.04, 0.90, -0.06, -0.37, 0.24, 0.04, -0.05, 0.42, 45453
0.42, -0.04, 0.91, -0.06, -0.43, 0.30, 0.04, -0.05, 0.41, 45463
0.42, -0.04, 0.90, 0.00, -0.43, 0.30, 0.04, -0.05, 0.41, 45473
0.42, -0.04, 0.90, -0.06, -0.43, 0.24, 0.04, -0.05, 0.41, 45483
0.42, -0.04, 0.90, -0.06, -0.43, 0.24, 0.05, -0.05, 0.41, 45493
0.42, -0.04, 0.91, -0.06, -0.43, 0.24, 0.04, -0.05, 0.41, 45503
0.42, -0.04, 0.91, 0.00, -0.43, 0.30, 0.04, -0.05, 0.41, 45513
0.42, -0.04, 0.91, -0.06, -0.43, 0.24, 0.04, -0.05, 0.41, 45523
0.42, -0.04, 0.90, -0.06, -0.43, 0.30, 0.04, -0.05, 0.41, 45533
0.42, -0.04, 0.90, -0.06, -0.43, 0.24, 0.04, -0.05, 0.41, 45543
0.42, -0.04, 0.91, 0.00, -0.43, 0.30, 0.04, -0.05, 0.41, 45553
0.42, -0.04, 0.90, 0.00, -0.43, 0.30, 0.05, -0.05, 0.41, 45563
0.42, -0.04, 0.91, 0.00, -0.43, 0.24, 0.04, -0.05, 0.41, 45573
0.42, -0.04, 0.91, 0.06, -0.43, 0.24, 0.04, -0.05, 0.41, 45583
0.42, -0.04, 0.90, -0.06, -0.43, 0.30, 0.04, -0.05, 0.41, 45593
0.42, -0.04, 0.90, -0.06, -0.43, 0.24, 0.04, -0.05, 0.41, 45603
0.42, -0.04, 0.91, 0.00, -0.43, 0.30, 0.04, -0.05, 0.41, 45613
0.42, -0.04, 0.90, -0.12, -0.43, 0.30, 0.04, -0.05, 0.41, 45623
0.42, -0.04, 0.90, -0.06, -0.43, 0.24, 0.04, -0.05, 0.41, 45633
0.42, -0.04, 0.91, -0.06, -0.43, 0.30, 0.04, -0.05, 0.41, 45643
0.42, -0.04, 0.91, -0.06, -0.43, 0.30, 0.04, -0.05, 0.41, 45653
0.42, -0.04, 0.90, -0.06, -0.43, 0.30, 0.04, -0.05, 0.41, 45663
0.42, -0.04, 0.90, -0.06, -0.43, 0.24, 0.04, -0.05, 0.41, 45673
0.42, -0.04, 0.90, 0.00, -0.37, 0.24, 0.04, -0.05, 0.41, 45683
0.42, -0.04, 0.90, -0.12, -0.49, 0.24, 0.04, -0.05, 0.41, 45693
0.42, -0.04, 0.91, 0.06, -0.43, 0.24, 0.04, -0.05, 0.41, 45703
0.42, -0.04, 0.90, -0.06, -0.43, 0.24, 0.04, -0.05, 0.41, 45713
0.42, -0.04, 0.91, -0.06, -0.43, 0.24, 0.04, -0.05, 0.41, 45723
0.42, -0.04, 0.91, -0.06, -0.37, 0.24, 0.04, -0.05, 0.41, 45733
0.42, -0.04, 0.90, 0.00, -0.37, 0.30, 0.04, -0.05, 0.41, 45743
0.42, -0.04, 0.91, -0.12, -0.49, 0.24, 0.04, -0.05, 0.41, 45753
0.42, -0.04, 0.90, 0.06, -0.43, 0.24, 0.04, -0.05, 0.41, 45763
0.42, -0.04, 0.90, -0.06, -0.43, 0.24, 0.04, -0.05, 0.41, 45773
0.42, -0.04, 0.91, -0.06, -0.43, 0.24, 0.04, -0.05, 0.41, 45783
0.42, -0.04, 0.91, -0.06, -0.43, 0.30, 0.04, -0.05, 0.41, 45793
0.42, -0.04, 0.91, -0.06, -0.43, 0.24, 0.04, -0.05, 0.41, 45803
0.42, -0.04, 0.91, 0.00, -0.37, 0.30, 0.04, -0.05, 0.41, 45813
0.42, -0.04, 0.91, -0.06, -0.43, 0.24, 0.04, -0.05, 0.41, 45823
0.42, -0.04, 0.90, 0.00, -0.43, 0.30, 0.05, -0.05, 0.41, 45833
0.42, -0.04, 0.90, 0.00, -0.49, 0.24, 0.04, -0.05, 0.41, 45843
0.42, -0.04, 0.90, -0.12, -0.43, 0.30, 0.04, -0.05, 0.42, 45853
0.42, -0.04, 0.90, -0.06, -0.43, 0.30, 0.04, -0.05, 0.41, 45863
0.42, -0.04, 0.91, -0.06, -0.43, 0.30, 0.04, -0.05, 0.41, 45873
0.42, -0.04, 0.91, -0.12, -0.43, 0.30, 0.04, -0.05, 0.41, 45883
0.42, -0.04, 0.91, -0.06, -0.43, 0.30, 0.04, -0.05, 0.41, 45893
0.42, -0.04, 0.90, -0.06, -0.43, 0.30, 0.05, -0.05, 0.41, 45903
0.42, -0.04, 0.90, -0.06, -0.43, 0.24, 0.04, -0.05, 0.41, 45913
0.42, -0.04, 0.91, 0.00, -0.49, 0.24, 0.04, -0.05, 0.41, 45923
0.42, -0.04, 0.90, -0.06, -0.49, 0.30, 0.04, -0.05, 0.41, 45933
0.42, -0.04, 0.91, 0.00, -0.37, 0.30, 0.04, -0.05, 0.41, 45943
0.42, -0.04, 0.90, 0.00, -0.37, 0.24, 0.04, -0.05, 0.41, 45953
0.42, -0.04, 0.90, -0.06, -0.43, 0.24, 0.04, -0.05, 0.41, 45963
0.42, -0.04, 0.90, -0.06, -0.43, 0.24, 0.04, -0.05, 0.41, 45973
0.42, -0.04, 0.91, 0.00, -0.43, 0.24, 0.04, -0.05, 0.41, 45983
0.42, -0.04, 0.91, -0.06, -0.49, 0.30, 0.04, -0.05, 0.41, 45993
0.42, -0.04, 0.91, -0.06, -0.43, 0.24, 0.05, -0.05, 0.41, 46003
0.42, -0.04, 0.90, -0.06, -0.43, 0.24, 0.04, -0.05, 0.41, 46013
0.42, -0.04, 0.91, -0.12, -0.43, 0.30, 0.04, -0.05, 0.41, 46023
0.42, -0.04, 0.90, -0.06, -0.43, 0.24, 0.04, -0.05, 0.41, 46033
0.42, -0.04, 0.90, 0.00, -0.43, 0.30, 0.04, -0.05, 0.41, 46043
0.42, -0.04, 0.90, 0.00, -0.43, 0.30, 0.04, -0.05, 0.41, 46053